"longitude","latitude","front_name"
-179.961,-44.4768,"STF"
-178.465,-44.7996,"STF"
-177.47,-45.2393,"STF"
-176.223,-45.3607,"STF"
-174.589,-45.3339,"STF"
-173.013,-45.1605,"STF"
-171.903,-44.843,"STF"
-171.044,-44.6047,"STF"
-170.332,-44.3427,"STF"
-169.779,-44.0962,"STF"
-169.378,-43.8851,"STF"
-168.712,-43.5766,"STF"
-168.013,-43.3532,"STF"
-166.749,-42.9578,"STF"
-164.793,-42.1686,"STF"
-162.745,-41.3278,"STF"
-161.889,-40.9593,"STF"
-160.328,-40.3294,"STF"
-158.26,-39.6532,"STF"
-155.898,-39.2476,"STF"
-154.178,-38.8494,"STF"
-152.559,-38.5141,"STF"
-150.268,-37.9453,"STF"
-148.46,-37.7672,"STF"
-146.016,-37.3259,"STF"
-143.716,-37.0648,"STF"
-141.364,-36.8637,"STF"
-137.814,-36.4621,"STF"
-135.199,-36.3304,"STF"
-133.157,-36.1704,"STF"
-131.136,-35.9968,"STF"
-129.74,-35.9546,"STF"
-128.429,-35.828,"STF"
-127.5,-35.65,"STF"
-126.791,-35.35,"STF"
-125.7,-35.15,"STF"
-125,-35,"STF"
-124.889,-34.9589,"STF"
-123.451,-34.9589,"STF"
-122.603,-34.85,"STF"
-121.5,-34.7,"STF"
-120,-34,"STF"
-117.5,-33.5,"STF"
-116,-33.25,"STF"
-115,-33,"STF"
-113,-32.75,"STF"
-112,-32.35,"STF"
-110,-32,"STF"
-107,-31.65,"STF"
-105,-31,"STF"
-102.5,-30.65,"STF"
-100,-30.5,"STF"
-97,-30.45,"STF"
-95,-30.5,"STF"
-92,-30.75,"STF"
-90,-31,"STF"
-87,-30.69,"STF"
-85,-30.5,"STF"
-83,-30.4,"STF"
-51.242,-32.0025,"STF"
-51.198,-32.0077,"STF"
-51.198,-32.0077,"STF"
-51.198,-32.0077,"STF"
-51.198,-32.0077,"STF"
-51.14,-32.0875,"STF"
-51.173,-32.3141,"STF"
-51.387,-32.8939,"STF"
-51.623,-33.4447,"STF"
-51.75,-33.6821,"STF"
-51.948,-33.934,"STF"
-52.253,-34.3995,"STF"
-52.786,-35.1672,"STF"
-53.13,-35.5616,"STF"
-53.475,-35.8458,"STF"
-53.767,-36.1483,"STF"
-53.952,-36.4305,"STF"
-54.122,-36.6786,"STF"
-54.105,-36.8726,"STF"
-53.973,-36.9415,"STF"
-53.824,-37.0603,"STF"
-53.739,-37.288,"STF"
-53.695,-37.6282,"STF"
-53.847,-37.8195,"STF"
-54.175,-38.1137,"STF"
-54.532,-38.4847,"STF"
-54.699,-38.8021,"STF"
-54.829,-38.9708,"STF"
-54.885,-39.2107,"STF"
-54.879,-39.4489,"STF"
-54.744,-39.6013,"STF"
-54.495,-39.6173,"STF"
-54.191,-39.5342,"STF"
-53.988,-39.5176,"STF"
-53.686,-39.432,"STF"
-53.437,-39.3611,"STF"
-53.249,-39.3518,"STF"
-53.05,-39.3552,"STF"
-52.91,-39.4209,"STF"
-52.882,-39.4835,"STF"
-52.905,-39.6454,"STF"
-53.091,-39.9624,"STF"
-53.304,-40.3573,"STF"
-53.56,-40.7572,"STF"
-53.631,-41.0292,"STF"
-53.576,-41.4002,"STF"
-53.473,-41.6367,"STF"
-53.247,-41.8535,"STF"
-52.943,-41.9155,"STF"
-52.635,-41.9531,"STF"
-52.254,-41.9392,"STF"
-51.823,-41.8468,"STF"
-51.414,-41.7029,"STF"
-50.859,-41.6168,"STF"
-50.521,-41.6006,"STF"
-50.101,-41.6705,"STF"
-49.696,-41.7713,"STF"
-49.434,-41.7436,"STF"
-48.975,-41.6694,"STF"
-48.347,-41.5432,"STF"
-47.66,-41.4713,"STF"
-46.946,-41.2769,"STF"
-46.262,-41.0739,"STF"
-45.596,-40.7587,"STF"
-44.912,-40.5755,"STF"
-44.309,-40.3392,"STF"
-43.646,-40.1769,"STF"
-42.993,-40.2057,"STF"
-42.646,-40.1002,"STF"
-42.155,-40.161,"STF"
-41.479,-40.3243,"STF"
-40.957,-40.5489,"STF"
-40.498,-40.7388,"STF"
-39.932,-41.0683,"STF"
-39.132,-41.5811,"STF"
-38.493,-42.0195,"STF"
-37.642,-42.5676,"STF"
-37.101,-42.7251,"STF"
-36.432,-42.9782,"STF"
-35.498,-43.164,"STF"
-34.344,-43.3254,"STF"
-33.391,-43.4452,"STF"
-32.86,-43.5489,"STF"
-32.593,-43.5225,"STF"
-31.516,-43.5457,"STF"
-31.285,-43.5332,"STF"
-30.623,-43.5331,"STF"
-29.858,-43.5025,"STF"
-28.381,-43.4282,"STF"
-27.264,-43.3111,"STF"
-26.296,-43.1687,"STF"
-25.398,-43.1299,"STF"
-24.529,-43.0141,"STF"
-23.375,-42.837,"STF"
-21.794,-42.5652,"STF"
-20.87,-42.4101,"STF"
-20.024,-42.3227,"STF"
-19.614,-42.2798,"STF"
-18.278,-42.0476,"STF"
-16.659,-41.8164,"STF"
-15.752,-41.7796,"STF"
-15.287,-41.8102,"STF"
-15.109,-41.7857,"STF"
-14.851,-41.7458,"STF"
-14.417,-41.6784,"STF"
-13.596,-41.4239,"STF"
-12.515,-41.1964,"STF"
-11.539,-40.7988,"STF"
-10.73,-40.4258,"STF"
-10.306,-40.2978,"STF"
-9.532,-40.0057,"STF"
-8.361,-39.6109,"STF"
-7.328,-39.1785,"STF"
-6.327,-38.8596,"STF"
-6.117,-38.8482,"STF"
-5.699,-38.8397,"STF"
-5.208,-38.8013,"STF"
-4.993,-38.72,"STF"
-4.588,-38.6363,"STF"
-4.45,-38.6467,"STF"
-3.743,-38.6622,"STF"
-3.409,-38.5661,"STF"
-2.548,-38.576,"STF"
-2.15,-38.542,"STF"
-1.942,-38.4828,"STF"
-1.116,-38.4377,"STF"
-0.549,-38.4125,"STF"
0.4291,-38.4301,"STF"
1.0292,-38.3895,"STF"
1.9714,-38.3491,"STF"
2.7752,-38.3002,"STF"
3.5101,-38.2611,"STF"
4.4983,-38.1773,"STF"
5.5018,-38.0919,"STF"
6.8374,-38.0683,"STF"
7.3835,-38.1693,"STF"
8.4578,-38.4266,"STF"
9.414,-38.8355,"STF"
9.7972,-39.2099,"STF"
10.8875,-39.9621,"STF"
11.769,-40.6042,"STF"
12.5718,-41.0505,"STF"
13.4667,-41.5698,"STF"
14.2898,-41.9607,"STF"
15.1563,-42.3161,"STF"
16.3339,-42.685,"STF"
18.0326,-42.9597,"STF"
19.4619,-43.1228,"STF"
20.5495,-43.1433,"STF"
20.8419,-43.1694,"STF"
21.2184,-43.2009,"STF"
21.756,-43.2277,"STF"
22.3955,-43.2492,"STF"
23.2603,-43.1814,"STF"
24.3167,-43.0801,"STF"
25.0847,-42.9342,"STF"
25.9993,-42.6788,"STF"
27.1514,-42.2992,"STF"
28.271,-41.9431,"STF"
28.8028,-41.7218,"STF"
29.5172,-41.4948,"STF"
29.9539,-41.3262,"STF"
30.4619,-41.172,"STF"
30.7964,-41.2019,"STF"
31.7756,-41.1801,"STF"
32.8722,-41.2493,"STF"
34.0374,-41.4172,"STF"
35.7155,-41.5813,"STF"
36.976,-41.847,"STF"
38.7055,-41.7847,"STF"
40.1163,-41.6992,"STF"
41.3286,-41.7572,"STF"
43.0939,-41.9383,"STF"
45.2741,-42.2895,"STF"
47.534,-42.5639,"STF"
49.0639,-42.9485,"STF"
50.5967,-43.2404,"STF"
51.9957,-43.4776,"STF"
53.0959,-43.6887,"STF"
54.6797,-43.9306,"STF"
57.1897,-44.2909,"STF"
59.9472,-44.3432,"STF"
61.8317,-44.1527,"STF"
63.4094,-43.896,"STF"
64.9131,-43.7055,"STF"
66.6452,-43.4119,"STF"
68.7942,-43.083,"STF"
71.236,-42.6097,"STF"
73.0694,-42.2214,"STF"
74.8865,-41.9879,"STF"
77.0301,-41.8929,"STF"
79.0019,-41.7821,"STF"
80.8924,-41.7995,"STF"
82.7435,-41.7733,"STF"
84.5778,-41.6431,"STF"
86.4657,-41.5789,"STF"
88.8368,-41.4862,"STF"
90.654,-41.4607,"STF"
92.0668,-41.3484,"STF"
93.1297,-41.2227,"STF"
94.7472,-41.0722,"STF"
96.6678,-40.9302,"STF"
98.8536,-40.6574,"STF"
100.2585,-40.6066,"STF"
101.401,-40.5897,"STF"
103.3437,-40.5339,"STF"
105.606,-40.6416,"STF"
106.701,-40.9155,"STF"
107.242,-40.9021,"STF"
108.571,-40.9237,"STF"
110.297,-40.9949,"STF"
111.29,-41.0199,"STF"
111.761,-41.0799,"STF"
112.264,-41.1604,"STF"
113.087,-41.079,"STF"
114.149,-40.9965,"STF"
114.954,-41.0223,"STF"
115.873,-40.951,"STF"
117.906,-40.8377,"STF"
119.576,-40.8237,"STF"
121.317,-40.686,"STF"
122.646,-40.5036,"STF"
124.168,-40.2458,"STF"
125.655,-40.125,"STF"
127.008,-40.3048,"STF"
128.309,-40.5416,"STF"
129.987,-40.898,"STF"
131.701,-41.3949,"STF"
132.982,-41.8076,"STF"
133.571,-42.0316,"STF"
134.567,-42.5425,"STF"
136.227,-43.3502,"STF"
137.503,-44.0386,"STF"
138.971,-44.7719,"STF"
140.748,-45.5644,"STF"
142.501,-46.2368,"STF"
144.267,-46.6841,"STF"
146.321,-47.1627,"STF"
148.062,-47.2974,"STF"
149.176,-47.0039,"STF"
150.435,-46.4697,"STF"
151.334,-45.9327,"STF"
151.909,-45.5075,"STF"
152.516,-45.1499,"STF"
153.131,-44.7938,"STF"
153.661,-44.7435,"STF"
154.639,-44.9937,"STF"
156.227,-45.714,"STF"
157.657,-46.4153,"STF"
158.885,-46.8736,"STF"
160.268,-47.074,"STF"
162.011,-47.1856,"STF"
163.897,-47.236,"STF"
165.139,-47.2722,"STF"
166.187,-47.2338,"STF"
166.779,-47.2957,"STF"
167.511,-47.3111,"STF"
168.562,-46.9776,"STF"
169.904,-46.3624,"STF"
171.098,-45.7727,"STF"
171.589,-45.3931,"STF"
172.517,-44.9292,"STF"
173.785,-44.3881,"STF"
174.301,-44.2868,"STF"
175.15,-44.2878,"STF"
176.65,-44.3297,"STF"
178.553,-44.4453,"STF"
-179.91,-56.84,"SAF"
-179.3,-56.79,"SAF"
-178.71,-56.74,"SAF"
-178.02,-56.72,"SAF"
-177.38,-56.75,"SAF"
-176.59,-56.81,"SAF"
-175.85,-56.88,"SAF"
-175.45,-56.92,"SAF"
-174.8,-57.01,"SAF"
-174.01,-57.11,"SAF"
-173.39,-57.18,"SAF"
-172.75,-57.16,"SAF"
-172.19,-57.12,"SAF"
-171.64,-57.07,"SAF"
-170.94,-56.99,"SAF"
-170.24,-56.88,"SAF"
-169.56,-56.75,"SAF"
-168.81,-56.6,"SAF"
-168.16,-56.45,"SAF"
-167.5,-56.24,"SAF"
-166.71,-55.96,"SAF"
-166.04,-55.7,"SAF"
-165.36,-55.4,"SAF"
-164.68,-55.1,"SAF"
-164.16,-54.92,"SAF"
-163.72,-54.77,"SAF"
-163.26,-54.56,"SAF"
-162.72,-54.3,"SAF"
-162.1,-54.03,"SAF"
-161.63,-53.84,"SAF"
-161.13,-53.67,"SAF"
-160.46,-53.53,"SAF"
-159.88,-53.45,"SAF"
-159.15,-53.41,"SAF"
-158.63,-53.4,"SAF"
-158.01,-53.45,"SAF"
-157.35,-53.54,"SAF"
-156.49,-53.69,"SAF"
-155.92,-53.81,"SAF"
-155.44,-53.9,"SAF"
-154.8,-54,"SAF"
-154.58,-54.03,"SAF"
-154.53,-54.03,"SAF"
-154.47,-54.05,"SAF"
-154.44,-54.05,"SAF"
-154.33,-54.1,"SAF"
-153.74,-54.27,"SAF"
-152.97,-54.4,"SAF"
-152.29,-54.46,"SAF"
-151.79,-54.54,"SAF"
-151.29,-54.61,"SAF"
-150.85,-54.65,"SAF"
-150.48,-54.67,"SAF"
-150.33,-54.68,"SAF"
-150.17,-54.69,"SAF"
-150.11,-54.68,"SAF"
-150.05,-54.67,"SAF"
-150,-54.66,"SAF"
-150,-54.66,"SAF"
-149.85,-54.52,"SAF"
-149.68,-54.5,"SAF"
-149.53,-54.46,"SAF"
-149.14,-54.4,"SAF"
-148.66,-54.35,"SAF"
-148.34,-54.3,"SAF"
-147.98,-54.22,"SAF"
-147.52,-54.14,"SAF"
-147.25,-54.09,"SAF"
-147.14,-54.07,"SAF"
-146.91,-54.03,"SAF"
-146.69,-53.96,"SAF"
-146.42,-53.9,"SAF"
-146.12,-53.83,"SAF"
-145.82,-53.78,"SAF"
-145.44,-53.7,"SAF"
-145.17,-53.63,"SAF"
-144.97,-53.6,"SAF"
-144.72,-53.57,"SAF"
-144.47,-53.57,"SAF"
-144.26,-53.62,"SAF"
-144.08,-53.69,"SAF"
-144.01,-53.73,"SAF"
-143.91,-53.78,"SAF"
-143.75,-53.88,"SAF"
-143.43,-54.13,"SAF"
-143.22,-54.3,"SAF"
-143.04,-54.47,"SAF"
-142.82,-54.66,"SAF"
-142.48,-54.94,"SAF"
-142.16,-55.2,"SAF"
-141.89,-55.45,"SAF"
-141.6,-55.69,"SAF"
-141.36,-55.85,"SAF"
-141.15,-55.97,"SAF"
-141.01,-56.04,"SAF"
-140.8,-56.17,"SAF"
-140.58,-56.32,"SAF"
-140.35,-56.44,"SAF"
-140.06,-56.57,"SAF"
-139.79,-56.71,"SAF"
-139.55,-56.84,"SAF"
-139.34,-56.95,"SAF"
-139.14,-57.04,"SAF"
-138.84,-57.1,"SAF"
-138.28,-57.15,"SAF"
-137.72,-57.17,"SAF"
-137.24,-57.18,"SAF"
-136.79,-57.18,"SAF"
-136.39,-57.14,"SAF"
-136.06,-57.13,"SAF"
-135.57,-57.12,"SAF"
-135.14,-57.1,"SAF"
-134.83,-57.06,"SAF"
-134.58,-57.01,"SAF"
-134.18,-56.9,"SAF"
-133.73,-56.72,"SAF"
-133.48,-56.57,"SAF"
-133.3,-56.43,"SAF"
-133.04,-56.26,"SAF"
-132.75,-56.12,"SAF"
-132.3,-55.99,"SAF"
-131.75,-55.86,"SAF"
-131.35,-55.75,"SAF"
-130.99,-55.66,"SAF"
-130.61,-55.57,"SAF"
-130.19,-55.49,"SAF"
-129.73,-55.46,"SAF"
-129.21,-55.48,"SAF"
-128.71,-55.52,"SAF"
-128.38,-55.56,"SAF"
-127.96,-55.62,"SAF"
-127.19,-55.74,"SAF"
-126.5,-55.86,"SAF"
-125.94,-55.97,"SAF"
-125.54,-56.04,"SAF"
-125.01,-56.09,"SAF"
-124.48,-56.15,"SAF"
-123.79,-56.3,"SAF"
-123.09,-56.45,"SAF"
-122.43,-56.58,"SAF"
-121.54,-56.75,"SAF"
-120.93,-56.88,"SAF"
-120.43,-56.97,"SAF"
-119.8,-57.06,"SAF"
-119.22,-57.17,"SAF"
-118.71,-57.31,"SAF"
-118.14,-57.45,"SAF"
-117.62,-57.56,"SAF"
-117.01,-57.67,"SAF"
-116.5,-57.76,"SAF"
-116.45,-57.78,"SAF"
-116.42,-57.8,"SAF"
-116.35,-57.81,"SAF"
-115.94,-57.88,"SAF"
-115.41,-57.96,"SAF"
-114.93,-58.02,"SAF"
-114.32,-58.07,"SAF"
-113.87,-58.08,"SAF"
-113.34,-58.03,"SAF"
-112.67,-57.96,"SAF"
-112.12,-57.88,"SAF"
-111.76,-57.82,"SAF"
-111.2,-57.74,"SAF"
-110.66,-57.69,"SAF"
-110.09,-57.65,"SAF"
-109.63,-57.61,"SAF"
-109.19,-57.59,"SAF"
-108.63,-57.53,"SAF"
-108.06,-57.46,"SAF"
-107.36,-57.35,"SAF"
-106.81,-57.23,"SAF"
-106.23,-57.1,"SAF"
-105.66,-57.01,"SAF"
-104.95,-56.95,"SAF"
-104.22,-56.91,"SAF"
-103.47,-56.87,"SAF"
-102.88,-56.86,"SAF"
-102.31,-56.84,"SAF"
-101.56,-56.82,"SAF"
-101.13,-56.82,"SAF"
-100.52,-56.8,"SAF"
-99.79,-56.8,"SAF"
-99.26,-56.81,"SAF"
-98.58,-56.87,"SAF"
-97.88,-56.94,"SAF"
-97.2,-57.01,"SAF"
-96.56,-57.1,"SAF"
-95.91,-57.22,"SAF"
-95.22,-57.35,"SAF"
-94.63,-57.46,"SAF"
-93.83,-57.62,"SAF"
-93.03,-57.79,"SAF"
-92.72,-57.85,"SAF"
-92.22,-57.94,"SAF"
-91.71,-57.99,"SAF"
-91.33,-58,"SAF"
-91.12,-58.02,"SAF"
-90.82,-58.02,"SAF"
-90.57,-58,"SAF"
-90.28,-57.95,"SAF"
-89.92,-57.85,"SAF"
-89.63,-57.78,"SAF"
-89.32,-57.69,"SAF"
-89.14,-57.67,"SAF"
-88.92,-57.66,"SAF"
-88.44,-57.69,"SAF"
-87.82,-57.75,"SAF"
-87.2,-57.82,"SAF"
-87.03,-57.85,"SAF"
-87.03,-57.85,"SAF"
-87.04,-57.85,"SAF"
-87.03,-57.86,"SAF"
-86.87,-57.93,"SAF"
-86.57,-57.97,"SAF"
-86.03,-58.09,"SAF"
-85.56,-58.2,"SAF"
-85.22,-58.29,"SAF"
-84.73,-58.42,"SAF"
-84.27,-58.52,"SAF"
-83.8,-58.65,"SAF"
-83.41,-58.75,"SAF"
-82.9,-58.89,"SAF"
-82.5,-59.07,"SAF"
-82.11,-59.24,"SAF"
-81.71,-59.41,"SAF"
-81.35,-59.58,"SAF"
-80.92,-59.75,"SAF"
-80.59,-59.86,"SAF"
-80.24,-59.93,"SAF"
-79.84,-59.98,"SAF"
-79.47,-60.02,"SAF"
-79.17,-60.03,"SAF"
-78.84,-60.04,"SAF"
-78.45,-60.03,"SAF"
-77.96,-59.96,"SAF"
-77.55,-59.88,"SAF"
-77.15,-59.81,"SAF"
-76.69,-59.72,"SAF"
-76.12,-59.6,"SAF"
-75.78,-59.52,"SAF"
-75.32,-59.44,"SAF"
-74.91,-59.38,"SAF"
-74.44,-59.31,"SAF"
-73.93,-59.22,"SAF"
-73.44,-59.13,"SAF"
-73.01,-59,"SAF"
-72.68,-58.89,"SAF"
-72.2,-58.75,"SAF"
-71.82,-58.63,"SAF"
-71.57,-58.58,"SAF"
-71.21,-58.52,"SAF"
-70.78,-58.45,"SAF"
-70.38,-58.34,"SAF"
-70.01,-58.16,"SAF"
-69.75,-57.99,"SAF"
-69.54,-57.89,"SAF"
-69.31,-57.79,"SAF"
-69.08,-57.71,"SAF"
-68.82,-57.6,"SAF"
-68.63,-57.54,"SAF"
-68.52,-57.51,"SAF"
-68.45,-57.5,"SAF"
-68.31,-57.49,"SAF"
-68.17,-57.49,"SAF"
-67.91,-57.51,"SAF"
-67.58,-57.53,"SAF"
-67.34,-57.54,"SAF"
-67.03,-57.52,"SAF"
-66.84,-57.5,"SAF"
-66.63,-57.48,"SAF"
-66.27,-57.43,"SAF"
-65.99,-57.39,"SAF"
-65.76,-57.35,"SAF"
-65.56,-57.3,"SAF"
-65.33,-57.27,"SAF"
-64.97,-57.22,"SAF"
-64.74,-57.18,"SAF"
-64.58,-57.14,"SAF"
-64.38,-57.03,"SAF"
-64.28,-56.91,"SAF"
-64.19,-56.77,"SAF"
-64.09,-56.61,"SAF"
-64.02,-56.39,"SAF"
-63.99,-56.19,"SAF"
-63.96,-56,"SAF"
-63.93,-55.87,"SAF"
-63.82,-55.72,"SAF"
-63.71,-55.62,"SAF"
-63.56,-55.51,"SAF"
-63.37,-55.4,"SAF"
-63.2,-55.32,"SAF"
-63.1,-55.29,"SAF"
-63.01,-55.26,"SAF"
-62.93,-55.25,"SAF"
-62.69,-55.25,"SAF"
-62.39,-55.29,"SAF"
-62.26,-55.33,"SAF"
-62.08,-55.39,"SAF"
-61.86,-55.43,"SAF"
-61.73,-55.46,"SAF"
-61.47,-55.46,"SAF"
-61.2,-55.44,"SAF"
-60.95,-55.44,"SAF"
-60.7,-55.5,"SAF"
-60.46,-55.57,"SAF"
-60.3,-55.63,"SAF"
-60.18,-55.68,"SAF"
-60.06,-55.7,"SAF"
-60,-55.87,"SAF"
-59.98,-55.86,"SAF"
-59.9,-55.86,"SAF"
-59.79,-55.86,"SAF"
-59.7,-55.85,"SAF"
-59.63,-55.84,"SAF"
-59.53,-55.84,"SAF"
-59.31,-55.83,"SAF"
-59.18,-55.83,"SAF"
-59.04,-55.81,"SAF"
-58.91,-55.8,"SAF"
-58.74,-55.81,"SAF"
-58.58,-55.82,"SAF"
-58.36,-55.82,"SAF"
-58.21,-55.81,"SAF"
-58.06,-55.8,"SAF"
-57.85,-55.79,"SAF"
-57.69,-55.77,"SAF"
-57.52,-55.74,"SAF"
-57.34,-55.7,"SAF"
-57.19,-55.67,"SAF"
-57.08,-55.65,"SAF"
-56.98,-55.62,"SAF"
-56.82,-55.58,"SAF"
-56.68,-55.52,"SAF"
-56.52,-55.44,"SAF"
-56.42,-55.4,"SAF"
-56.32,-55.34,"SAF"
-56.19,-55.25,"SAF"
-56.13,-55.2,"SAF"
-56.06,-55.15,"SAF"
-56,-55.1,"SAF"
-55.88,-55.08,"SAF"
-55.75,-55.07,"SAF"
-55.58,-55.03,"SAF"
-55.45,-54.98,"SAF"
-55.33,-54.96,"SAF"
-55.18,-54.93,"SAF"
-55.01,-54.89,"SAF"
-54.92,-54.79,"SAF"
-54.91,-54.67,"SAF"
-54.94,-54.55,"SAF"
-54.94,-54.43,"SAF"
-54.96,-54.31,"SAF"
-55.03,-54.14,"SAF"
-55.14,-54.06,"SAF"
-55.22,-53.95,"SAF"
-55.25,-53.88,"SAF"
-55.29,-53.82,"SAF"
-55.35,-53.74,"SAF"
-55.47,-53.66,"SAF"
-55.57,-53.6,"SAF"
-55.65,-53.54,"SAF"
-55.74,-53.49,"SAF"
-55.85,-53.46,"SAF"
-56,-53.43,"SAF"
-56.18,-53.4,"SAF"
-56.36,-53.36,"SAF"
-56.48,-53.34,"SAF"
-56.63,-53.3,"SAF"
-56.78,-53.28,"SAF"
-56.96,-53.27,"SAF"
-57.11,-53.27,"SAF"
-57.29,-53.26,"SAF"
-57.39,-53.24,"SAF"
-57.47,-53.23,"SAF"
-57.49,-53.2,"SAF"
-57.5,-53.14,"SAF"
-57.47,-53.09,"SAF"
-57.41,-53.04,"SAF"
-57.34,-52.99,"SAF"
-57.21,-52.95,"SAF"
-56.99,-52.88,"SAF"
-56.81,-52.78,"SAF"
-56.7,-52.71,"SAF"
-56.47,-52.57,"SAF"
-56.28,-52.45,"SAF"
-56.18,-52.39,"SAF"
-56.09,-52.33,"SAF"
-55.84,-52.2,"SAF"
-55.68,-52.13,"SAF"
-55.53,-52.05,"SAF"
-55.31,-51.94,"SAF"
-55.15,-51.82,"SAF"
-55.01,-51.72,"SAF"
-54.88,-51.64,"SAF"
-54.72,-51.53,"SAF"
-54.58,-51.39,"SAF"
-54.5,-51.27,"SAF"
-54.43,-51.13,"SAF"
-54.37,-51,"SAF"
-54.28,-50.91,"SAF"
-54.15,-50.81,"SAF"
-54.01,-50.68,"SAF"
-53.89,-50.57,"SAF"
-53.81,-50.47,"SAF"
-53.74,-50.34,"SAF"
-53.7,-50.24,"SAF"
-53.69,-50.14,"SAF"
-53.69,-49.96,"SAF"
-53.69,-49.86,"SAF"
-53.7,-49.79,"SAF"
-53.71,-49.73,"SAF"
-53.8,-49.63,"SAF"
-53.9,-49.55,"SAF"
-54.03,-49.46,"SAF"
-54.23,-49.35,"SAF"
-54.45,-49.21,"SAF"
-54.64,-49.13,"SAF"
-54.86,-49.05,"SAF"
-54.99,-48.99,"SAF"
-55.2,-48.92,"SAF"
-55.52,-48.83,"SAF"
-55.71,-48.79,"SAF"
-55.85,-48.74,"SAF"
-56.05,-48.68,"SAF"
-56.24,-48.61,"SAF"
-56.42,-48.55,"SAF"
-56.75,-48.47,"SAF"
-56.95,-48.46,"SAF"
-57.22,-48.44,"SAF"
-57.57,-48.42,"SAF"
-57.95,-48.41,"SAF"
-58.18,-48.37,"SAF"
-58.31,-48.3,"SAF"
-58.52,-48.19,"SAF"
-58.64,-48.09,"SAF"
-58.82,-47.89,"SAF"
-58.9,-47.73,"SAF"
-58.94,-47.56,"SAF"
-58.98,-47.44,"SAF"
-59.02,-47.27,"SAF"
-59.03,-47.11,"SAF"
-58.99,-46.99,"SAF"
-58.91,-46.84,"SAF"
-58.85,-46.74,"SAF"
-58.79,-46.61,"SAF"
-58.76,-46.49,"SAF"
-58.77,-46.3,"SAF"
-58.79,-46.12,"SAF"
-58.81,-45.89,"SAF"
-58.82,-45.65,"SAF"
-58.81,-45.48,"SAF"
-58.8,-45.35,"SAF"
-58.78,-45.17,"SAF"
-58.73,-44.95,"SAF"
-58.67,-44.71,"SAF"
-58.6,-44.43,"SAF"
-58.5,-44.17,"SAF"
-58.4,-43.93,"SAF"
-58.3,-43.68,"SAF"
-58.21,-43.49,"SAF"
-58.08,-43.29,"SAF"
-57.95,-43.08,"SAF"
-57.78,-42.84,"SAF"
-57.65,-42.67,"SAF"
-57.51,-42.5,"SAF"
-57.36,-42.35,"SAF"
-57.2,-42.18,"SAF"
-57.01,-42,"SAF"
-56.83,-41.81,"SAF"
-56.61,-41.63,"SAF"
-56.35,-41.49,"SAF"
-56.07,-41.39,"SAF"
-55.85,-41.32,"SAF"
-55.65,-41.26,"SAF"
-55.44,-41.24,"SAF"
-55.21,-41.23,"SAF"
-55.04,-41.24,"SAF"
-54.85,-41.3,"SAF"
-54.64,-41.39,"SAF"
-54.57,-41.45,"SAF"
-54.46,-41.59,"SAF"
-54.39,-41.74,"SAF"
-54.32,-41.93,"SAF"
-54.28,-42.09,"SAF"
-54.25,-42.26,"SAF"
-54.25,-42.44,"SAF"
-54.26,-42.65,"SAF"
-54.35,-43.1,"SAF"
-54.39,-43.39,"SAF"
-54.44,-43.74,"SAF"
-54.46,-44.02,"SAF"
-54.45,-44.25,"SAF"
-54.45,-44.42,"SAF"
-54.46,-44.63,"SAF"
-54.48,-44.89,"SAF"
-54.49,-45.08,"SAF"
-54.49,-45.23,"SAF"
-54.5,-45.46,"SAF"
-54.51,-45.76,"SAF"
-54.52,-46,"SAF"
-54.55,-46.26,"SAF"
-54.63,-46.58,"SAF"
-54.7,-46.82,"SAF"
-54.74,-47.06,"SAF"
-54.74,-47.35,"SAF"
-54.66,-47.65,"SAF"
-54.53,-47.9,"SAF"
-54.41,-48.02,"SAF"
-54.2,-48.16,"SAF"
-53.75,-48.38,"SAF"
-53.4,-48.51,"SAF"
-53.24,-48.56,"SAF"
-52.91,-48.66,"SAF"
-52.48,-48.79,"SAF"
-52.02,-48.9,"SAF"
-51.56,-48.93,"SAF"
-51.13,-48.97,"SAF"
-50.71,-49.02,"SAF"
-50.37,-49.07,"SAF"
-49.72,-49.14,"SAF"
-49.17,-49.2,"SAF"
-48.82,-49.24,"SAF"
-48.26,-49.24,"SAF"
-47.78,-49.22,"SAF"
-47.35,-49.17,"SAF"
-46.79,-49.09,"SAF"
-46.46,-49.02,"SAF"
-46.01,-48.96,"SAF"
-45.57,-48.96,"SAF"
-45.08,-48.96,"SAF"
-44.37,-48.99,"SAF"
-43.98,-48.99,"SAF"
-43.6,-49.02,"SAF"
-42.97,-49.13,"SAF"
-42.66,-49.17,"SAF"
-42.35,-49.11,"SAF"
-42.02,-49.03,"SAF"
-41.84,-48.91,"SAF"
-41.6,-48.74,"SAF"
-41.19,-48.55,"SAF"
-40.85,-48.49,"SAF"
-40.42,-48.59,"SAF"
-40.13,-48.66,"SAF"
-39.76,-48.66,"SAF"
-39.29,-48.62,"SAF"
-38.73,-48.61,"SAF"
-38.36,-48.61,"SAF"
-38,-48.66,"SAF"
-37.61,-48.78,"SAF"
-37.33,-49.01,"SAF"
-37.1,-49.3,"SAF"
-37,-49.47,"SAF"
-36.88,-49.65,"SAF"
-36.71,-49.88,"SAF"
-36.44,-50.08,"SAF"
-36.08,-50.16,"SAF"
-35.67,-50.19,"SAF"
-35.28,-50.17,"SAF"
-34.99,-50.11,"SAF"
-34.71,-49.98,"SAF"
-34.55,-49.78,"SAF"
-34.48,-49.56,"SAF"
-34.47,-49.36,"SAF"
-34.5,-49.16,"SAF"
-34.61,-49.01,"SAF"
-34.84,-48.95,"SAF"
-35.09,-48.92,"SAF"
-35.28,-48.89,"SAF"
-35.5,-48.84,"SAF"
-35.82,-48.74,"SAF"
-36.01,-48.66,"SAF"
-36.06,-48.54,"SAF"
-36.07,-48.43,"SAF"
-36.03,-48.3,"SAF"
-35.89,-48.15,"SAF"
-35.69,-48.06,"SAF"
-35.4,-48.01,"SAF"
-34.98,-47.99,"SAF"
-34.4,-47.98,"SAF"
-33.9,-47.99,"SAF"
-33.5,-48.01,"SAF"
-32.95,-48.05,"SAF"
-32.42,-48.07,"SAF"
-31.92,-48.12,"SAF"
-31.39,-48.2,"SAF"
-31.1,-48.24,"SAF"
-30.86,-48.27,"SAF"
-30.58,-48.24,"SAF"
-30.44,-48.2,"SAF"
-30.32,-48.1,"SAF"
-30.3,-47.91,"SAF"
-30.48,-47.69,"SAF"
-30.81,-47.5,"SAF"
-30.98,-47.36,"SAF"
-31.04,-47.25,"SAF"
-31.06,-47.11,"SAF"
-31.07,-46.89,"SAF"
-31.09,-46.67,"SAF"
-31.16,-46.44,"SAF"
-31.34,-46.32,"SAF"
-31.66,-46.17,"SAF"
-31.85,-46,"SAF"
-31.9,-45.78,"SAF"
-31.75,-45.56,"SAF"
-31.55,-45.4,"SAF"
-31.39,-45.36,"SAF"
-31.17,-45.39,"SAF"
-30.92,-45.47,"SAF"
-30.75,-45.56,"SAF"
-30.42,-45.67,"SAF"
-30.18,-45.77,"SAF"
-30.06,-45.86,"SAF"
-29.83,-46.05,"SAF"
-29.63,-46.22,"SAF"
-29.54,-46.3,"SAF"
-29.46,-46.42,"SAF"
-29.41,-46.62,"SAF"
-29.38,-46.86,"SAF"
-29.34,-47.07,"SAF"
-29.24,-47.25,"SAF"
-29.07,-47.37,"SAF"
-28.86,-47.47,"SAF"
-28.63,-47.61,"SAF"
-28.37,-47.68,"SAF"
-28.15,-47.74,"SAF"
-27.84,-47.77,"SAF"
-27.38,-47.75,"SAF"
-26.95,-47.71,"SAF"
-26.5,-47.72,"SAF"
-25.95,-47.71,"SAF"
-25.49,-47.69,"SAF"
-24.89,-47.63,"SAF"
-24.53,-47.59,"SAF"
-24.12,-47.52,"SAF"
-23.6,-47.46,"SAF"
-23.2,-47.38,"SAF"
-22.62,-47.26,"SAF"
-22.3,-47.14,"SAF"
-21.95,-46.99,"SAF"
-21.46,-46.8,"SAF"
-21.12,-46.7,"SAF"
-20.58,-46.61,"SAF"
-20.18,-46.56,"SAF"
-19.93,-46.57,"SAF"
-19.59,-46.62,"SAF"
-19.35,-46.7,"SAF"
-19.27,-46.73,"SAF"
-19.04,-46.89,"SAF"
-18.81,-47.09,"SAF"
-18.48,-47.34,"SAF"
-18.1,-47.5,"SAF"
-17.59,-47.6,"SAF"
-17.11,-47.7,"SAF"
-16.73,-47.83,"SAF"
-16.27,-48,"SAF"
-16,-48.13,"SAF"
-15.84,-48.21,"SAF"
-15.46,-48.37,"SAF"
-14.93,-48.56,"SAF"
-14.59,-48.72,"SAF"
-14.28,-48.81,"SAF"
-13.65,-48.84,"SAF"
-13.22,-48.82,"SAF"
-13.08,-48.84,"SAF"
-12.76,-48.86,"SAF"
-12.59,-48.86,"SAF"
-12.25,-48.83,"SAF"
-11.86,-48.72,"SAF"
-11.54,-48.52,"SAF"
-11.32,-48.33,"SAF"
-11.22,-48.07,"SAF"
-10.93,-47.67,"SAF"
-10.57,-47.32,"SAF"
-10.46,-47.2,"SAF"
-10.42,-47.18,"SAF"
-10.42,-47.18,"SAF"
-10.4,-47.17,"SAF"
-10.39,-47.13,"SAF"
-10.14,-46.89,"SAF"
-9.52,-46.57,"SAF"
-9.14,-46.4,"SAF"
-8.74,-46.3,"SAF"
-8.2,-46.22,"SAF"
-7.41,-46.19,"SAF"
-6.83,-46.17,"SAF"
-6.24,-46.14,"SAF"
-5.72,-46.11,"SAF"
-5.27,-46.08,"SAF"
-4.39,-46.05,"SAF"
-3.95,-46.04,"SAF"
-3.9,-46.03,"SAF"
-3.89,-46.02,"SAF"
-3.65,-46.03,"SAF"
-3.25,-46.06,"SAF"
-2.76,-46.01,"SAF"
-2.16,-45.9,"SAF"
-1.47,-45.82,"SAF"
-1.03,-45.78,"SAF"
-0.41,-45.73,"SAF"
0.06,-45.71,"SAF"
0.72,-45.68,"SAF"
1.39,-45.66,"SAF"
1.51,-45.67,"SAF"
1.53,-45.67,"SAF"
1.61,-45.71,"SAF"
1.88,-45.87,"SAF"
2.28,-46.11,"SAF"
2.62,-46.32,"SAF"
2.91,-46.55,"SAF"
3.28,-46.84,"SAF"
3.57,-47.06,"SAF"
3.79,-47.24,"SAF"
4.15,-47.49,"SAF"
4.54,-47.75,"SAF"
5.04,-48,"SAF"
5.52,-48.16,"SAF"
6.17,-48.24,"SAF"
6.85,-48.29,"SAF"
7.5,-48.3,"SAF"
8.35,-48.29,"SAF"
8.86,-48.27,"SAF"
9.62,-48.26,"SAF"
10.57,-48.25,"SAF"
11.2,-48.25,"SAF"
11.83,-48.25,"SAF"
12.43,-48.27,"SAF"
13.19,-48.31,"SAF"
13.92,-48.35,"SAF"
14.65,-48.34,"SAF"
15.35,-48.27,"SAF"
16.02,-48.16,"SAF"
16.5,-48.1,"SAF"
17.01,-48,"SAF"
17.5,-47.9,"SAF"
17.97,-47.8,"SAF"
18.4,-47.72,"SAF"
18.86,-47.66,"SAF"
19.2,-47.6,"SAF"
19.53,-47.54,"SAF"
19.84,-47.5,"SAF"
20.24,-47.48,"SAF"
20.38,-47.44,"SAF"
20.81,-47.27,"SAF"
21.03,-47.17,"SAF"
21.27,-47.07,"SAF"
21.51,-46.98,"SAF"
21.78,-46.91,"SAF"
21.99,-46.86,"SAF"
22.47,-46.8,"SAF"
22.79,-46.78,"SAF"
23.48,-46.7,"SAF"
24.09,-46.65,"SAF"
24.66,-46.61,"SAF"
25.21,-46.62,"SAF"
25.75,-46.68,"SAF"
26.14,-46.76,"SAF"
26.6,-46.91,"SAF"
27.19,-47.09,"SAF"
27.76,-47.29,"SAF"
28.28,-47.48,"SAF"
28.62,-47.6,"SAF"
28.95,-47.72,"SAF"
29.26,-47.84,"SAF"
29.5,-47.92,"SAF"
29.67,-47.99,"SAF"
29.71,-48.03,"SAF"
29.75,-48.04,"SAF"
29.8,-48.05,"SAF"
29.99,-48.06,"SAF"
30,-48.02,"SAF"
30,-48.02,"SAF"
30.02,-47.99,"SAF"
30.05,-48.01,"SAF"
30.16,-48.03,"SAF"
30.32,-48.04,"SAF"
30.52,-48.04,"SAF"
30.58,-48.05,"SAF"
30.65,-48.05,"SAF"
31,-48.1,"SAF"
31.09,-48.11,"SAF"
31.25,-48.11,"SAF"
31.64,-48.12,"SAF"
32.14,-48.08,"SAF"
32.3,-48.08,"SAF"
32.51,-48.11,"SAF"
32.67,-48.12,"SAF"
32.89,-48.11,"SAF"
33.25,-48.12,"SAF"
33.51,-48.13,"SAF"
33.73,-48.15,"SAF"
34.04,-48.2,"SAF"
34.25,-48.24,"SAF"
34.48,-48.31,"SAF"
34.77,-48.37,"SAF"
35.02,-48.44,"SAF"
35.33,-48.5,"SAF"
35.64,-48.55,"SAF"
35.92,-48.56,"SAF"
36.29,-48.57,"SAF"
36.88,-48.58,"SAF"
37.27,-48.6,"SAF"
37.8,-48.62,"SAF"
38.33,-48.62,"SAF"
38.86,-48.6,"SAF"
39.46,-48.59,"SAF"
40.04,-48.58,"SAF"
40.46,-48.58,"SAF"
41.04,-48.56,"SAF"
41.63,-48.52,"SAF"
42.18,-48.47,"SAF"
42.76,-48.41,"SAF"
43.38,-48.34,"SAF"
43.94,-48.26,"SAF"
44.46,-48.17,"SAF"
45.02,-48.05,"SAF"
45.5,-47.93,"SAF"
45.99,-47.81,"SAF"
46.31,-47.74,"SAF"
46.54,-47.67,"SAF"
46.83,-47.57,"SAF"
47.06,-47.48,"SAF"
47.38,-47.35,"SAF"
47.64,-47.15,"SAF"
47.79,-46.99,"SAF"
47.93,-46.76,"SAF"
48.1,-46.53,"SAF"
48.31,-46.25,"SAF"
48.58,-45.98,"SAF"
48.95,-45.7,"SAF"
49.37,-45.5,"SAF"
49.82,-45.35,"SAF"
50.25,-45.24,"SAF"
50.69,-45.19,"SAF"
51.28,-45.2,"SAF"
51.89,-45.26,"SAF"
52.55,-45.36,"SAF"
53.27,-45.55,"SAF"
53.96,-45.8,"SAF"
54.53,-46.04,"SAF"
55.12,-46.26,"SAF"
55.7,-46.44,"SAF"
56.25,-46.55,"SAF"
56.91,-46.64,"SAF"
57.62,-46.69,"SAF"
58.22,-46.71,"SAF"
58.86,-46.71,"SAF"
59.53,-46.64,"SAF"
60.22,-46.5,"SAF"
60.87,-46.29,"SAF"
61.46,-46.07,"SAF"
62.07,-45.8,"SAF"
62.7,-45.58,"SAF"
63.38,-45.4,"SAF"
64.16,-45.29,"SAF"
64.94,-45.2,"SAF"
65.75,-45.1,"SAF"
66.3,-45.01,"SAF"
66.81,-44.99,"SAF"
67.43,-44.99,"SAF"
67.59,-44.99,"SAF"
67.77,-44.99,"SAF"
67.99,-45.03,"SAF"
68.46,-44.95,"SAF"
68.58,-44.95,"SAF"
68.74,-44.99,"SAF"
69.21,-45.09,"SAF"
70,-45.23,"SAF"
70.87,-45.35,"SAF"
71.63,-45.49,"SAF"
72.25,-45.73,"SAF"
72.98,-46.07,"SAF"
73.72,-46.31,"SAF"
74.64,-46.49,"SAF"
75.66,-46.66,"SAF"
76.83,-46.83,"SAF"
77.81,-46.97,"SAF"
78.7,-47.11,"SAF"
79.61,-47.27,"SAF"
80.58,-47.4,"SAF"
81.53,-47.49,"SAF"
82.26,-47.52,"SAF"
82.88,-47.55,"SAF"
83.67,-47.58,"SAF"
84.66,-47.63,"SAF"
85.51,-47.69,"SAF"
85.94,-47.74,"SAF"
86.53,-47.81,"SAF"
87.27,-47.96,"SAF"
88.02,-48.12,"SAF"
88.69,-48.24,"SAF"
89.31,-48.33,"SAF"
90.03,-48.44,"SAF"
90.56,-48.53,"SAF"
90.92,-48.56,"SAF"
91.25,-48.54,"SAF"
91.67,-48.43,"SAF"
92.08,-48.29,"SAF"
92.46,-48.14,"SAF"
92.94,-47.9,"SAF"
93.4,-47.63,"SAF"
93.86,-47.37,"SAF"
94.21,-47.22,"SAF"
94.63,-47.1,"SAF"
95.01,-47,"SAF"
95.34,-46.95,"SAF"
95.87,-46.92,"SAF"
96.61,-46.99,"SAF"
97.55,-47.15,"SAF"
98.42,-47.29,"SAF"
99.1,-47.42,"SAF"
99.93,-47.59,"SAF"
100.6,-47.69,"SAF"
101.01,-47.7,"SAF"
101.78,-47.74,"SAF"
102.64,-47.83,"SAF"
103.44,-47.91,"SAF"
103.94,-47.93,"SAF"
104.7,-47.97,"SAF"
105.34,-48.02,"SAF"
105.94,-48.08,"SAF"
106.61,-48.16,"SAF"
107.46,-48.31,"SAF"
108.26,-48.44,"SAF"
109.11,-48.56,"SAF"
109.63,-48.65,"SAF"
110.11,-48.72,"SAF"
110.83,-48.81,"SAF"
111.28,-48.88,"SAF"
111.81,-48.97,"SAF"
112.36,-49.07,"SAF"
112.92,-49.15,"SAF"
113.26,-49.2,"SAF"
113.52,-49.23,"SAF"
113.93,-49.27,"SAF"
114.25,-49.3,"SAF"
114.51,-49.31,"SAF"
114.75,-49.33,"SAF"
115.02,-49.38,"SAF"
115.3,-49.43,"SAF"
115.53,-49.46,"SAF"
115.72,-49.51,"SAF"
115.99,-49.58,"SAF"
116.24,-49.67,"SAF"
116.58,-49.83,"SAF"
116.97,-50.04,"SAF"
117.03,-50.04,"SAF"
117.48,-50.19,"SAF"
118.04,-50.39,"SAF"
118.63,-50.59,"SAF"
118.95,-50.71,"SAF"
119.49,-50.88,"SAF"
119.68,-50.93,"SAF"
119.85,-50.99,"SAF"
120,-51.01,"SAF"
120,-51.01,"SAF"
120.06,-51.05,"SAF"
120.21,-51.11,"SAF"
120.49,-51.17,"SAF"
120.96,-51.21,"SAF"
121.25,-51.22,"SAF"
121.83,-51.29,"SAF"
122.45,-51.38,"SAF"
122.97,-51.43,"SAF"
123.16,-51.44,"SAF"
123.4,-51.45,"SAF"
123.69,-51.45,"SAF"
124.09,-51.45,"SAF"
124.47,-51.45,"SAF"
124.75,-51.47,"SAF"
125.17,-51.46,"SAF"
125.51,-51.42,"SAF"
125.88,-51.31,"SAF"
126.18,-51.18,"SAF"
126.51,-51.03,"SAF"
126.86,-50.86,"SAF"
127.23,-50.73,"SAF"
127.63,-50.61,"SAF"
128.15,-50.59,"SAF"
128.65,-50.66,"SAF"
129.07,-50.75,"SAF"
129.57,-50.88,"SAF"
130.03,-51.01,"SAF"
130.49,-51.15,"SAF"
131.02,-51.33,"SAF"
131.39,-51.46,"SAF"
131.7,-51.52,"SAF"
132.23,-51.58,"SAF"
132.75,-51.6,"SAF"
133.16,-51.59,"SAF"
133.76,-51.6,"SAF"
134.48,-51.62,"SAF"
135.04,-51.63,"SAF"
135.53,-51.62,"SAF"
136.11,-51.59,"SAF"
136.72,-51.59,"SAF"
137.53,-51.65,"SAF"
138.34,-51.71,"SAF"
139,-51.74,"SAF"
139.77,-51.76,"SAF"
140.72,-51.8,"SAF"
141.74,-51.85,"SAF"
142.62,-51.85,"SAF"
143.23,-51.84,"SAF"
143.95,-51.84,"SAF"
144.65,-51.86,"SAF"
145.49,-51.91,"SAF"
146.14,-52.07,"SAF"
146.77,-52.27,"SAF"
147.27,-52.48,"SAF"
147.54,-52.59,"SAF"
147.82,-52.69,"SAF"
148.16,-52.81,"SAF"
148.59,-52.99,"SAF"
148.9,-53.16,"SAF"
149.26,-53.32,"SAF"
149.76,-53.47,"SAF"
150.23,-53.6,"SAF"
150.54,-53.79,"SAF"
150.84,-54.05,"SAF"
151.01,-54.19,"SAF"
151.19,-54.26,"SAF"
151.55,-54.32,"SAF"
152.04,-54.37,"SAF"
152.57,-54.33,"SAF"
153.15,-54.23,"SAF"
153.59,-54.13,"SAF"
154.09,-54.03,"SAF"
154.63,-53.92,"SAF"
155.08,-53.82,"SAF"
155.58,-53.71,"SAF"
156.04,-53.62,"SAF"
156.58,-53.52,"SAF"
157.09,-53.45,"SAF"
157.52,-53.42,"SAF"
157.96,-53.42,"SAF"
158.55,-53.49,"SAF"
159.21,-53.63,"SAF"
159.73,-53.76,"SAF"
160.19,-53.92,"SAF"
160.63,-54.11,"SAF"
160.86,-54.3,"SAF"
161.14,-54.47,"SAF"
161.45,-54.64,"SAF"
161.8,-54.83,"SAF"
162.16,-55.04,"SAF"
162.55,-55.26,"SAF"
163.03,-55.51,"SAF"
163.4,-55.72,"SAF"
163.8,-55.91,"SAF"
164.24,-56.11,"SAF"
164.71,-56.29,"SAF"
165.13,-56.46,"SAF"
165.42,-56.62,"SAF"
165.69,-56.79,"SAF"
165.76,-56.84,"SAF"
165.79,-56.87,"SAF"
165.89,-56.9,"SAF"
166.03,-56.95,"SAF"
166.28,-57.07,"SAF"
166.71,-57.3,"SAF"
167.07,-57.51,"SAF"
167.52,-57.74,"SAF"
168.12,-58.02,"SAF"
168.67,-58.17,"SAF"
169.25,-58.23,"SAF"
169.89,-58.28,"SAF"
170.42,-58.31,"SAF"
171.05,-58.27,"SAF"
171.85,-58.16,"SAF"
172.47,-58.03,"SAF"
173.16,-57.87,"SAF"
173.88,-57.75,"SAF"
174.51,-57.61,"SAF"
175.2,-57.47,"SAF"
175.94,-57.32,"SAF"
176.56,-57.2,"SAF"
177.18,-57.09,"SAF"
177.92,-57.01,"SAF"
178.71,-56.96,"SAF"
179.39,-56.9,"SAF"
-179.97,-61.71,"PF"
-179.21,-61.54,"PF"
-178.66,-61.42,"PF"
-178.18,-61.31,"PF"
-177.75,-61.2,"PF"
-177.3,-61.06,"PF"
-176.76,-60.89,"PF"
-176.22,-60.73,"PF"
-175.65,-60.61,"PF"
-175.12,-60.54,"PF"
-174.63,-60.49,"PF"
-174.01,-60.46,"PF"
-173.31,-60.47,"PF"
-172.62,-60.49,"PF"
-171.85,-60.53,"PF"
-171.03,-60.56,"PF"
-170.16,-60.58,"PF"
-169.53,-60.56,"PF"
-168.93,-60.52,"PF"
-168.3,-60.47,"PF"
-167.48,-60.36,"PF"
-166.73,-60.21,"PF"
-166.06,-60.08,"PF"
-165.48,-59.93,"PF"
-164.81,-59.77,"PF"
-164.18,-59.6,"PF"
-163.49,-59.42,"PF"
-162.78,-59.23,"PF"
-162.23,-59.09,"PF"
-161.65,-58.97,"PF"
-161.15,-58.87,"PF"
-160.54,-58.75,"PF"
-159.97,-58.63,"PF"
-159.16,-58.46,"PF"
-158.32,-58.26,"PF"
-157.68,-58.1,"PF"
-157.09,-57.94,"PF"
-156.57,-57.77,"PF"
-156.28,-57.66,"PF"
-156.15,-57.6,"PF"
-155.92,-57.55,"PF"
-155.59,-57.51,"PF"
-155.52,-57.48,"PF"
-155.35,-57.42,"PF"
-154.67,-57.37,"PF"
-154.37,-57.25,"PF"
-154.01,-57.1,"PF"
-153.51,-56.92,"PF"
-152.89,-56.71,"PF"
-152.14,-56.54,"PF"
-151.63,-56.45,"PF"
-151.3,-56.37,"PF"
-150.96,-56.3,"PF"
-150.75,-56.24,"PF"
-150.51,-56.17,"PF"
-150.27,-56.08,"PF"
-150.17,-56.05,"PF"
-150,-55.98,"PF"
-150,-55.98,"PF"
-149.93,-55.91,"PF"
-149.82,-55.88,"PF"
-149.59,-55.83,"PF"
-149.23,-55.77,"PF"
-148.86,-55.73,"PF"
-148.48,-55.67,"PF"
-148.05,-55.62,"PF"
-147.73,-55.59,"PF"
-147.41,-55.56,"PF"
-147.04,-55.53,"PF"
-146.68,-55.51,"PF"
-146.4,-55.49,"PF"
-146.03,-55.46,"PF"
-145.36,-55.45,"PF"
-145.03,-55.43,"PF"
-144.91,-55.45,"PF"
-144.62,-55.49,"PF"
-144.39,-55.53,"PF"
-144.11,-55.63,"PF"
-143.69,-55.84,"PF"
-143.38,-56.05,"PF"
-143.1,-56.22,"PF"
-142.9,-56.34,"PF"
-142.63,-56.53,"PF"
-142.34,-56.75,"PF"
-142.07,-56.96,"PF"
-141.78,-57.14,"PF"
-141.52,-57.3,"PF"
-141.23,-57.4,"PF"
-140.85,-57.49,"PF"
-140.43,-57.6,"PF"
-139.97,-57.68,"PF"
-139.46,-57.76,"PF"
-139.02,-57.88,"PF"
-138.56,-58,"PF"
-137.97,-58.13,"PF"
-137.46,-58.26,"PF"
-137.02,-58.34,"PF"
-136.54,-58.39,"PF"
-135.86,-58.47,"PF"
-135.19,-58.5,"PF"
-134.39,-58.5,"PF"
-133.56,-58.51,"PF"
-132.87,-58.54,"PF"
-132.15,-58.6,"PF"
-131.63,-58.65,"PF"
-131.17,-58.75,"PF"
-130.77,-58.88,"PF"
-130.39,-59.05,"PF"
-130.09,-59.21,"PF"
-129.7,-59.38,"PF"
-129.31,-59.53,"PF"
-128.93,-59.65,"PF"
-128.52,-59.76,"PF"
-128.03,-59.91,"PF"
-127.47,-60.04,"PF"
-126.89,-60.14,"PF"
-126.26,-60.2,"PF"
-125.77,-60.25,"PF"
-125.33,-60.27,"PF"
-124.76,-60.26,"PF"
-124.14,-60.22,"PF"
-123.5,-60.18,"PF"
-122.91,-60.17,"PF"
-122.28,-60.2,"PF"
-121.74,-60.26,"PF"
-121.28,-60.32,"PF"
-120.81,-60.36,"PF"
-120.14,-60.4,"PF"
-119.64,-60.49,"PF"
-119.38,-60.62,"PF"
-119.03,-60.81,"PF"
-118.65,-61.05,"PF"
-118.51,-61.18,"PF"
-118.43,-61.24,"PF"
-118.43,-61.25,"PF"
-118.37,-61.28,"PF"
-118.16,-61.42,"PF"
-117.9,-61.61,"PF"
-117.52,-61.82,"PF"
-116.96,-62.03,"PF"
-116.48,-62.14,"PF"
-115.9,-62.19,"PF"
-115.23,-62.2,"PF"
-114.59,-62.17,"PF"
-113.82,-62.07,"PF"
-113.08,-61.96,"PF"
-112.32,-61.86,"PF"
-111.63,-61.78,"PF"
-110.95,-61.74,"PF"
-110.3,-61.71,"PF"
-109.78,-61.69,"PF"
-109.22,-61.68,"PF"
-108.72,-61.71,"PF"
-108.3,-61.7,"PF"
-107.88,-61.63,"PF"
-107.53,-61.46,"PF"
-107.19,-61.18,"PF"
-106.87,-60.9,"PF"
-106.49,-60.61,"PF"
-106.2,-60.36,"PF"
-105.92,-60.14,"PF"
-105.47,-59.95,"PF"
-104.98,-59.83,"PF"
-104.52,-59.8,"PF"
-103.91,-59.84,"PF"
-103.3,-60,"PF"
-102.89,-60.19,"PF"
-102.5,-60.43,"PF"
-102.01,-60.69,"PF"
-101.58,-60.88,"PF"
-101.3,-61.02,"PF"
-100.88,-61.18,"PF"
-100.31,-61.31,"PF"
-99.73,-61.34,"PF"
-99.26,-61.34,"PF"
-98.97,-61.38,"PF"
-98.58,-61.48,"PF"
-98.12,-61.69,"PF"
-97.8,-61.93,"PF"
-97.54,-62.11,"PF"
-97.17,-62.33,"PF"
-96.7,-62.53,"PF"
-96.15,-62.6,"PF"
-95.76,-62.66,"PF"
-95.47,-62.68,"PF"
-94.95,-62.64,"PF"
-94.41,-62.53,"PF"
-93.9,-62.38,"PF"
-93.48,-62.18,"PF"
-93.06,-61.9,"PF"
-92.73,-61.67,"PF"
-92.34,-61.46,"PF"
-91.92,-61.26,"PF"
-91.56,-61.06,"PF"
-91.3,-60.88,"PF"
-91.08,-60.73,"PF"
-90.82,-60.6,"PF"
-90.56,-60.48,"PF"
-90.43,-60.43,"PF"
-90.33,-60.39,"PF"
-90.09,-60.34,"PF"
-89.92,-60.32,"PF"
-89.69,-60.37,"PF"
-89.51,-60.51,"PF"
-89.33,-60.63,"PF"
-89.17,-60.72,"PF"
-88.88,-60.8,"PF"
-88.37,-60.91,"PF"
-87.98,-61.03,"PF"
-87.58,-61.2,"PF"
-87.24,-61.39,"PF"
-86.96,-61.54,"PF"
-86.63,-61.75,"PF"
-86.28,-61.99,"PF"
-85.99,-62.17,"PF"
-85.66,-62.38,"PF"
-85.26,-62.66,"PF"
-84.94,-62.88,"PF"
-84.62,-63.07,"PF"
-84.21,-63.21,"PF"
-83.7,-63.32,"PF"
-83.11,-63.41,"PF"
-82.67,-63.44,"PF"
-82.2,-63.39,"PF"
-81.77,-63.26,"PF"
-81.41,-63.1,"PF"
-81.07,-62.95,"PF"
-80.76,-62.81,"PF"
-80.49,-62.71,"PF"
-80.16,-62.6,"PF"
-79.8,-62.51,"PF"
-79.48,-62.46,"PF"
-79.17,-62.42,"PF"
-78.86,-62.4,"PF"
-78.43,-62.46,"PF"
-78.01,-62.58,"PF"
-77.83,-62.64,"PF"
-77.82,-62.64,"PF"
-77.82,-62.65,"PF"
-77.79,-62.66,"PF"
-77.64,-62.75,"PF"
-77.42,-62.89,"PF"
-77.1,-63.05,"PF"
-76.7,-63.21,"PF"
-76.23,-63.37,"PF"
-75.81,-63.44,"PF"
-75.29,-63.46,"PF"
-74.77,-63.45,"PF"
-74.32,-63.38,"PF"
-73.95,-63.27,"PF"
-73.62,-63.06,"PF"
-73.42,-62.84,"PF"
-73.27,-62.61,"PF"
-73.15,-62.38,"PF"
-73.07,-62.17,"PF"
-72.94,-61.9,"PF"
-72.78,-61.66,"PF"
-72.52,-61.44,"PF"
-72.27,-61.31,"PF"
-72.08,-61.2,"PF"
-71.9,-61.1,"PF"
-71.64,-60.98,"PF"
-71.4,-60.89,"PF"
-71.07,-60.86,"PF"
-70.7,-60.85,"PF"
-70.4,-60.88,"PF"
-69.87,-60.96,"PF"
-69.24,-61.04,"PF"
-68.81,-61.07,"PF"
-68.5,-61.07,"PF"
-68.2,-61.04,"PF"
-67.93,-61,"PF"
-67.69,-60.96,"PF"
-67.48,-60.86,"PF"
-67.35,-60.68,"PF"
-67.23,-60.44,"PF"
-67.14,-60.21,"PF"
-67.02,-60.05,"PF"
-66.82,-59.89,"PF"
-66.52,-59.74,"PF"
-66.2,-59.59,"PF"
-65.85,-59.47,"PF"
-65.43,-59.36,"PF"
-65.01,-59.31,"PF"
-64.63,-59.26,"PF"
-64.15,-59.19,"PF"
-63.78,-59.13,"PF"
-63.45,-59.08,"PF"
-63.07,-59,"PF"
-62.67,-58.87,"PF"
-62.31,-58.77,"PF"
-61.93,-58.7,"PF"
-61.56,-58.64,"PF"
-61.26,-58.59,"PF"
-60.9,-58.53,"PF"
-60.69,-58.5,"PF"
-60.47,-58.43,"PF"
-60.25,-58.32,"PF"
-60.09,-58.23,"PF"
-60,-58.14,"PF"
-59.94,-58.13,"PF"
-59.83,-58.09,"PF"
-59.62,-58.03,"PF"
-59.49,-58.01,"PF"
-59.3,-57.97,"PF"
-59.19,-57.94,"PF"
-58.96,-57.89,"PF"
-58.76,-57.82,"PF"
-58.64,-57.75,"PF"
-58.47,-57.68,"PF"
-58.26,-57.62,"PF"
-58.07,-57.56,"PF"
-57.82,-57.47,"PF"
-57.71,-57.46,"PF"
-57.55,-57.44,"PF"
-57.51,-57.43,"PF"
-57.34,-57.46,"PF"
-56.99,-57.45,"PF"
-56.81,-57.42,"PF"
-56.58,-57.36,"PF"
-56.36,-57.28,"PF"
-56.18,-57.19,"PF"
-55.97,-57.08,"PF"
-55.74,-56.95,"PF"
-55.5,-56.84,"PF"
-55.38,-56.79,"PF"
-55.16,-56.75,"PF"
-54.94,-56.74,"PF"
-54.75,-56.72,"PF"
-54.61,-56.71,"PF"
-54.07,-56.64,"PF"
-53.72,-56.59,"PF"
-53.45,-56.52,"PF"
-53.21,-56.47,"PF"
-52.84,-56.47,"PF"
-52.29,-56.48,"PF"
-51.83,-56.49,"PF"
-51.27,-56.47,"PF"
-50.75,-56.45,"PF"
-50.4,-56.41,"PF"
-50.12,-56.36,"PF"
-49.88,-56.3,"PF"
-49.67,-56.26,"PF"
-49.52,-56.21,"PF"
-49.39,-56.06,"PF"
-49.38,-55.93,"PF"
-49.44,-55.83,"PF"
-49.55,-55.73,"PF"
-49.76,-55.61,"PF"
-49.91,-55.54,"PF"
-50.05,-55.48,"PF"
-50.21,-55.45,"PF"
-50.42,-55.4,"PF"
-50.48,-55.33,"PF"
-50.54,-55.21,"PF"
-50.55,-55.1,"PF"
-50.51,-55.01,"PF"
-50.43,-54.93,"PF"
-50.23,-54.8,"PF"
-49.99,-54.64,"PF"
-49.84,-54.51,"PF"
-49.64,-54.29,"PF"
-49.5,-54.07,"PF"
-49.39,-53.87,"PF"
-49.28,-53.59,"PF"
-49.24,-53.41,"PF"
-49.25,-53.22,"PF"
-49.25,-53.07,"PF"
-49.24,-52.93,"PF"
-49.29,-52.79,"PF"
-49.39,-52.67,"PF"
-49.59,-52.54,"PF"
-49.67,-52.43,"PF"
-49.62,-52.28,"PF"
-49.49,-52.16,"PF"
-49.4,-51.92,"PF"
-49.28,-51.62,"PF"
-49.19,-51.34,"PF"
-49.14,-51.21,"PF"
-49.08,-51.08,"PF"
-48.96,-50.86,"PF"
-48.91,-50.74,"PF"
-48.86,-50.67,"PF"
-48.66,-50.45,"PF"
-48.47,-50.27,"PF"
-48.39,-50.19,"PF"
-48.28,-50.05,"PF"
-48.11,-49.91,"PF"
-47.92,-49.84,"PF"
-47.74,-49.77,"PF"
-47.52,-49.71,"PF"
-47.29,-49.66,"PF"
-46.92,-49.63,"PF"
-46.52,-49.58,"PF"
-46.08,-49.54,"PF"
-45.54,-49.5,"PF"
-45.01,-49.49,"PF"
-44.55,-49.5,"PF"
-43.93,-49.48,"PF"
-43.48,-49.47,"PF"
-43.06,-49.45,"PF"
-42.62,-49.41,"PF"
-42.45,-49.41,"PF"
-42.26,-49.39,"PF"
-42.03,-49.38,"PF"
-41.79,-49.37,"PF"
-41.35,-49.37,"PF"
-40.98,-49.37,"PF"
-40.56,-49.34,"PF"
-40.26,-49.32,"PF"
-40.08,-49.31,"PF"
-39.86,-49.28,"PF"
-39.77,-49.27,"PF"
-39.5,-49.26,"PF"
-39.28,-49.26,"PF"
-39.04,-49.33,"PF"
-38.88,-49.5,"PF"
-38.81,-49.68,"PF"
-38.74,-49.85,"PF"
-38.61,-49.99,"PF"
-38.42,-50.09,"PF"
-38.1,-50.19,"PF"
-37.52,-50.29,"PF"
-37.04,-50.37,"PF"
-36.56,-50.45,"PF"
-36.23,-50.5,"PF"
-35.92,-50.52,"PF"
-35.66,-50.52,"PF"
-35.51,-50.51,"PF"
-35.27,-50.47,"PF"
-35,-50.4,"PF"
-34.76,-50.32,"PF"
-34.55,-50.2,"PF"
-34.34,-50.07,"PF"
-34.26,-50,"PF"
-34.16,-49.89,"PF"
-34.04,-49.73,"PF"
-33.93,-49.62,"PF"
-33.77,-49.53,"PF"
-33.6,-49.47,"PF"
-33.32,-49.44,"PF"
-33.04,-49.42,"PF"
-32.81,-49.4,"PF"
-32.5,-49.36,"PF"
-32.21,-49.33,"PF"
-31.89,-49.31,"PF"
-31.53,-49.3,"PF"
-31.2,-49.32,"PF"
-30.98,-49.34,"PF"
-30.74,-49.37,"PF"
-30.56,-49.41,"PF"
-30.43,-49.44,"PF"
-30.22,-49.47,"PF"
-29.96,-49.51,"PF"
-29.73,-49.56,"PF"
-29.44,-49.6,"PF"
-29.06,-49.7,"PF"
-28.68,-49.87,"PF"
-28.37,-50.06,"PF"
-28.06,-50.22,"PF"
-27.81,-50.35,"PF"
-27.65,-50.44,"PF"
-27.46,-50.59,"PF"
-27.26,-50.77,"PF"
-27.11,-50.86,"PF"
-26.85,-51,"PF"
-26.56,-51.11,"PF"
-26.35,-51.14,"PF"
-25.97,-51.13,"PF"
-25.64,-51.1,"PF"
-25.18,-51.08,"PF"
-24.8,-51.08,"PF"
-24.38,-51.07,"PF"
-24.11,-51.06,"PF"
-23.81,-51.05,"PF"
-23.54,-51.06,"PF"
-23.37,-51.07,"PF"
-23.04,-51.11,"PF"
-22.88,-51.13,"PF"
-22.63,-51.24,"PF"
-22.52,-51.38,"PF"
-22.49,-51.59,"PF"
-22.46,-51.82,"PF"
-22.42,-52.05,"PF"
-22.34,-52.24,"PF"
-22.22,-52.36,"PF"
-21.99,-52.5,"PF"
-21.72,-52.65,"PF"
-21.38,-52.73,"PF"
-20.84,-52.75,"PF"
-20.46,-52.72,"PF"
-20.09,-52.68,"PF"
-19.56,-52.6,"PF"
-18.99,-52.5,"PF"
-18.47,-52.38,"PF"
-17.88,-52.27,"PF"
-17.3,-52.12,"PF"
-16.87,-52.04,"PF"
-16.37,-52.02,"PF"
-15.9,-51.98,"PF"
-15.5,-51.92,"PF"
-14.98,-51.86,"PF"
-14.48,-51.84,"PF"
-13.96,-51.84,"PF"
-13.35,-51.81,"PF"
-12.86,-51.75,"PF"
-12.33,-51.63,"PF"
-11.81,-51.46,"PF"
-11.26,-51.26,"PF"
-10.71,-51.03,"PF"
-10.27,-50.81,"PF"
-9.81,-50.57,"PF"
-9.44,-50.37,"PF"
-9.01,-50.13,"PF"
-8.45,-49.75,"PF"
-8.1,-49.44,"PF"
-7.81,-49.24,"PF"
-7.65,-49.15,"PF"
-7.28,-48.95,"PF"
-7.03,-48.83,"PF"
-6.81,-48.74,"PF"
-6.42,-48.65,"PF"
-5.95,-48.58,"PF"
-5.57,-48.54,"PF"
-5.2,-48.52,"PF"
-4.67,-48.57,"PF"
-4.04,-48.69,"PF"
-3.48,-48.78,"PF"
-3.06,-48.84,"PF"
-2.65,-48.9,"PF"
-2.07,-49.01,"PF"
-1.44,-49.1,"PF"
-1.13,-49.16,"PF"
-0.8,-49.22,"PF"
-0.3,-49.3,"PF"
0.24,-49.35,"PF"
0.75,-49.38,"PF"
1.15,-49.41,"PF"
1.69,-49.46,"PF"
2.27,-49.58,"PF"
2.69,-49.69,"PF"
2.76,-49.72,"PF"
2.93,-49.79,"PF"
3.12,-49.87,"PF"
3.19,-49.92,"PF"
3.33,-49.94,"PF"
3.56,-49.98,"PF"
4.02,-50.03,"PF"
4.34,-50.06,"PF"
4.38,-50.06,"PF"
4.79,-50.09,"PF"
5.35,-50.1,"PF"
5.98,-50.09,"PF"
6.13,-50.09,"PF"
6.47,-50.05,"PF"
6.93,-50,"PF"
7.69,-49.93,"PF"
8.17,-49.91,"PF"
8.52,-49.88,"PF"
8.91,-49.85,"PF"
9.45,-49.82,"PF"
10.05,-49.82,"PF"
10.55,-49.82,"PF"
10.98,-49.8,"PF"
11.49,-49.79,"PF"
12.1,-49.8,"PF"
12.5,-49.82,"PF"
13.09,-49.86,"PF"
13.76,-49.9,"PF"
14.28,-49.91,"PF"
14.89,-49.91,"PF"
15.51,-49.9,"PF"
16.02,-49.9,"PF"
16.49,-49.85,"PF"
17.09,-49.81,"PF"
17.58,-49.77,"PF"
17.98,-49.76,"PF"
18.31,-49.74,"PF"
18.6,-49.73,"PF"
18.92,-49.7,"PF"
19.44,-49.66,"PF"
19.88,-49.61,"PF"
20.34,-49.54,"PF"
20.7,-49.46,"PF"
21.15,-49.38,"PF"
21.53,-49.35,"PF"
21.96,-49.33,"PF"
22.38,-49.33,"PF"
22.81,-49.33,"PF"
23.22,-49.31,"PF"
23.65,-49.29,"PF"
24.12,-49.27,"PF"
24.38,-49.27,"PF"
24.76,-49.27,"PF"
25.01,-49.27,"PF"
25.38,-49.26,"PF"
25.71,-49.26,"PF"
25.97,-49.29,"PF"
26,-49.29,"PF"
26.09,-49.3,"PF"
26.39,-49.28,"PF"
26.72,-49.24,"PF"
27.12,-49.17,"PF"
27.48,-49.1,"PF"
27.78,-49.03,"PF"
28.09,-48.96,"PF"
28.34,-48.92,"PF"
28.63,-48.86,"PF"
28.82,-48.82,"PF"
29.05,-48.76,"PF"
29.2,-48.73,"PF"
29.4,-48.68,"PF"
29.64,-48.64,"PF"
29.81,-48.6,"PF"
29.83,-48.59,"PF"
29.87,-48.58,"PF"
30,-48.46,"PF"
30,-48.46,"PF"
30.03,-48.45,"PF"
30.21,-48.44,"PF"
30.34,-48.43,"PF"
30.63,-48.42,"PF"
31.01,-48.43,"PF"
31.36,-48.44,"PF"
31.67,-48.43,"PF"
32.02,-48.4,"PF"
32.28,-48.38,"PF"
32.73,-48.4,"PF"
33.01,-48.41,"PF"
33.24,-48.42,"PF"
33.56,-48.48,"PF"
33.89,-48.56,"PF"
34.21,-48.65,"PF"
34.51,-48.78,"PF"
34.69,-48.91,"PF"
34.85,-49.12,"PF"
34.97,-49.33,"PF"
35.03,-49.47,"PF"
35.09,-49.59,"PF"
35.13,-49.77,"PF"
35.12,-50.03,"PF"
35.04,-50.28,"PF"
34.91,-50.46,"PF"
34.76,-50.61,"PF"
34.64,-50.74,"PF"
34.51,-50.84,"PF"
34.21,-51.03,"PF"
33.85,-51.18,"PF"
33.45,-51.29,"PF"
33.15,-51.37,"PF"
32.89,-51.42,"PF"
32.67,-51.44,"PF"
32.44,-51.46,"PF"
32.18,-51.48,"PF"
31.86,-51.53,"PF"
31.49,-51.57,"PF"
31.23,-51.59,"PF"
31.02,-51.62,"PF"
30.63,-51.74,"PF"
30.39,-51.91,"PF"
30.23,-52.06,"PF"
30.12,-52.25,"PF"
30.1,-52.46,"PF"
30.17,-52.73,"PF"
30.25,-52.84,"PF"
30.34,-52.92,"PF"
30.45,-53.02,"PF"
30.57,-53.1,"PF"
30.76,-53.18,"PF"
31.06,-53.21,"PF"
31.29,-53.22,"PF"
31.53,-53.22,"PF"
31.8,-53.22,"PF"
32.1,-53.18,"PF"
32.42,-53.14,"PF"
32.78,-53.08,"PF"
33.08,-53.04,"PF"
33.45,-53.02,"PF"
33.93,-52.99,"PF"
34.6,-52.92,"PF"
35.24,-52.83,"PF"
35.58,-52.77,"PF"
36.07,-52.7,"PF"
36.66,-52.6,"PF"
37.18,-52.49,"PF"
37.71,-52.37,"PF"
38.37,-52.25,"PF"
39.15,-52.1,"PF"
39.79,-51.95,"PF"
40.28,-51.81,"PF"
40.7,-51.69,"PF"
41.08,-51.6,"PF"
41.7,-51.52,"PF"
42.49,-51.46,"PF"
43.33,-51.44,"PF"
44.1,-51.46,"PF"
44.92,-51.55,"PF"
45.64,-51.63,"PF"
46.23,-51.7,"PF"
46.51,-51.75,"PF"
46.96,-51.84,"PF"
47.57,-52.02,"PF"
48.01,-52.18,"PF"
48.48,-52.33,"PF"
49.12,-52.51,"PF"
49.72,-52.69,"PF"
50.39,-52.83,"PF"
51.13,-52.9,"PF"
51.84,-52.99,"PF"
52.66,-53.11,"PF"
53.36,-53.19,"PF"
53.95,-53.24,"PF"
54.52,-53.19,"PF"
55.3,-53.01,"PF"
55.79,-52.83,"PF"
56.33,-52.55,"PF"
56.95,-52.25,"PF"
57.44,-51.97,"PF"
57.89,-51.68,"PF"
58.24,-51.41,"PF"
58.69,-51.08,"PF"
58.95,-50.9,"PF"
59.2,-50.69,"PF"
59.5,-50.49,"PF"
60,-50.16,"PF"
60.25,-49.9,"PF"
60.49,-49.63,"PF"
60.89,-49.35,"PF"
61.29,-49.07,"PF"
61.83,-48.67,"PF"
62.22,-48.43,"PF"
62.62,-48.22,"PF"
63.14,-48.08,"PF"
63.75,-48.01,"PF"
64.57,-47.98,"PF"
65.26,-47.95,"PF"
65.82,-47.94,"PF"
66.63,-47.92,"PF"
67.23,-47.91,"PF"
67.78,-47.86,"PF"
68.44,-47.73,"PF"
69.22,-47.58,"PF"
70.01,-47.51,"PF"
70.86,-47.5,"PF"
71.75,-47.53,"PF"
72.53,-47.6,"PF"
73.24,-47.7,"PF"
73.91,-47.91,"PF"
74.53,-48.13,"PF"
75.16,-48.33,"PF"
75.82,-48.53,"PF"
76.48,-48.75,"PF"
77.19,-49.01,"PF"
77.91,-49.28,"PF"
78.3,-49.44,"PF"
78.63,-49.57,"PF"
79.28,-49.88,"PF"
79.61,-50.05,"PF"
79.87,-50.19,"PF"
80.28,-50.33,"PF"
80.55,-50.41,"PF"
80.67,-50.47,"PF"
80.71,-50.48,"PF"
80.72,-50.5,"PF"
80.78,-50.52,"PF"
81.17,-50.6,"PF"
82.02,-50.85,"PF"
82.77,-51.11,"PF"
83.44,-51.28,"PF"
84.18,-51.45,"PF"
85.06,-51.67,"PF"
85.84,-51.81,"PF"
86.73,-51.87,"PF"
87.43,-51.92,"PF"
88.17,-51.93,"PF"
88.76,-51.89,"PF"
89.35,-51.81,"PF"
90.12,-51.78,"PF"
90.92,-51.72,"PF"
91.61,-51.62,"PF"
92.34,-51.5,"PF"
92.98,-51.43,"PF"
93.43,-51.35,"PF"
93.76,-51.27,"PF"
94.44,-51.19,"PF"
95.09,-51.19,"PF"
95.92,-51.27,"PF"
96.76,-51.46,"PF"
97.51,-51.79,"PF"
98.23,-52.18,"PF"
99.08,-52.53,"PF"
100.07,-52.73,"PF"
100.94,-52.78,"PF"
101.56,-52.79,"PF"
102.31,-52.79,"PF"
102.83,-52.8,"PF"
103.43,-52.79,"PF"
104.11,-52.79,"PF"
104.79,-52.74,"PF"
105.38,-52.67,"PF"
106,-52.59,"PF"
106.75,-52.46,"PF"
107.63,-52.32,"PF"
108.22,-52.23,"PF"
108.64,-52.15,"PF"
109.08,-52.09,"PF"
109.63,-52.05,"PF"
110.15,-52.05,"PF"
110.97,-52.1,"PF"
111.46,-52.13,"PF"
112.24,-52.2,"PF"
112.94,-52.24,"PF"
113.49,-52.25,"PF"
114.04,-52.31,"PF"
114.6,-52.46,"PF"
114.96,-52.61,"PF"
115,-52.64,"PF"
115.11,-52.7,"PF"
115.34,-52.85,"PF"
115.65,-53.01,"PF"
116.19,-53.27,"PF"
116.66,-53.4,"PF"
116.94,-53.45,"PF"
117.36,-53.54,"PF"
117.88,-53.58,"PF"
118.43,-53.58,"PF"
118.92,-53.56,"PF"
119.1,-53.56,"PF"
119.28,-53.58,"PF"
119.62,-53.63,"PF"
119.85,-53.65,"PF"
120,-53.66,"PF"
120,-53.66,"PF"
120.21,-53.68,"PF"
120.36,-53.73,"PF"
120.5,-53.76,"PF"
120.82,-53.84,"PF"
121.21,-53.96,"PF"
121.57,-54.12,"PF"
121.75,-54.23,"PF"
121.96,-54.42,"PF"
122.2,-54.64,"PF"
122.45,-54.83,"PF"
122.72,-54.99,"PF"
122.89,-55.1,"PF"
123.11,-55.25,"PF"
123.34,-55.34,"PF"
123.59,-55.42,"PF"
123.94,-55.44,"PF"
124.28,-55.45,"PF"
124.7,-55.49,"PF"
124.94,-55.49,"PF"
125.17,-55.51,"PF"
125.6,-55.55,"PF"
126.15,-55.58,"PF"
126.5,-55.58,"PF"
126.86,-55.6,"PF"
127.37,-55.63,"PF"
127.94,-55.67,"PF"
128.56,-55.73,"PF"
129.24,-55.77,"PF"
129.97,-55.83,"PF"
130.57,-55.91,"PF"
130.92,-56.01,"PF"
131.43,-56.14,"PF"
132,-56.23,"PF"
132.13,-56.24,"PF"
132.32,-56.27,"PF"
132.93,-56.29,"PF"
133.34,-56.27,"PF"
133.83,-56.21,"PF"
134.34,-56.13,"PF"
134.82,-56.07,"PF"
135.27,-56.02,"PF"
135.66,-56,"PF"
136.51,-55.93,"PF"
137.16,-55.84,"PF"
137.55,-55.78,"PF"
137.97,-55.72,"PF"
138.56,-55.68,"PF"
139.24,-55.68,"PF"
139.65,-55.69,"PF"
140.16,-55.69,"PF"
140.82,-55.69,"PF"
141.48,-55.74,"PF"
142.13,-55.87,"PF"
142.71,-55.98,"PF"
143.19,-56.09,"PF"
143.78,-56.23,"PF"
144.43,-56.36,"PF"
144.74,-56.41,"PF"
145.35,-56.42,"PF"
146.23,-56.41,"PF"
147.06,-56.35,"PF"
147.59,-56.29,"PF"
147.97,-56.25,"PF"
148.4,-56.22,"PF"
148.98,-56.22,"PF"
149.69,-56.31,"PF"
150.35,-56.38,"PF"
150.84,-56.39,"PF"
151.33,-56.39,"PF"
151.78,-56.41,"PF"
152.18,-56.41,"PF"
152.57,-56.43,"PF"
153.12,-56.5,"PF"
153.71,-56.6,"PF"
154.38,-56.76,"PF"
154.9,-56.92,"PF"
155.33,-57.05,"PF"
155.72,-57.18,"PF"
156.12,-57.34,"PF"
156.68,-57.6,"PF"
157.18,-57.86,"PF"
157.48,-58.05,"PF"
157.78,-58.22,"PF"
158,-58.36,"PF"
158.17,-58.45,"PF"
158.46,-58.58,"PF"
158.71,-58.69,"PF"
158.96,-58.81,"PF"
159.34,-58.99,"PF"
159.72,-59.16,"PF"
160.16,-59.32,"PF"
160.51,-59.47,"PF"
160.82,-59.62,"PF"
161.14,-59.81,"PF"
161.37,-59.94,"PF"
161.58,-60.05,"PF"
161.88,-60.15,"PF"
162.3,-60.23,"PF"
162.79,-60.21,"PF"
163.19,-60.15,"PF"
163.59,-60.1,"PF"
164.01,-60.08,"PF"
164.49,-60.11,"PF"
165.04,-60.17,"PF"
165.43,-60.21,"PF"
165.83,-60.28,"PF"
166.19,-60.36,"PF"
166.61,-60.53,"PF"
167.05,-60.71,"PF"
167.12,-60.73,"PF"
167.12,-60.74,"PF"
167.14,-60.76,"PF"
167.28,-60.81,"PF"
167.73,-60.96,"PF"
168.2,-61.16,"PF"
168.48,-61.28,"PF"
168.87,-61.42,"PF"
169.35,-61.54,"PF"
169.8,-61.63,"PF"
170.48,-61.75,"PF"
171.3,-61.9,"PF"
171.92,-62,"PF"
172.61,-62.08,"PF"
173.3,-62.17,"PF"
173.96,-62.26,"PF"
174.64,-62.34,"PF"
175.29,-62.41,"PF"
175.85,-62.45,"PF"
176.38,-62.49,"PF"
176.8,-62.48,"PF"
177.15,-62.44,"PF"
177.47,-62.4,"PF"
177.9,-62.31,"PF"
178.45,-62.16,"PF"
179.16,-61.95,"PF"
-179.65,-64.51,"SACCF"
-179.33,-64.56,"SACCF"
-179.32,-64.56,"SACCF"
-179.22,-64.6,"SACCF"
-178.66,-64.69,"SACCF"
-177.82,-64.8,"SACCF"
-177.06,-64.87,"SACCF"
-176.19,-64.95,"SACCF"
-175.37,-65.02,"SACCF"
-174.72,-65.08,"SACCF"
-174.12,-65.11,"SACCF"
-173.54,-65.09,"SACCF"
-172.79,-64.96,"SACCF"
-171.99,-64.79,"SACCF"
-171.23,-64.63,"SACCF"
-170.38,-64.4,"SACCF"
-169.59,-64.16,"SACCF"
-168.62,-63.94,"SACCF"
-167.69,-63.76,"SACCF"
-166.73,-63.58,"SACCF"
-165.68,-63.39,"SACCF"
-164.83,-63.23,"SACCF"
-164.05,-63.08,"SACCF"
-163.36,-63,"SACCF"
-162.68,-62.89,"SACCF"
-161.98,-62.77,"SACCF"
-161.24,-62.68,"SACCF"
-160.35,-62.56,"SACCF"
-159.56,-62.45,"SACCF"
-158.73,-62.29,"SACCF"
-158.13,-62.13,"SACCF"
-157.66,-62,"SACCF"
-156.94,-61.84,"SACCF"
-156.12,-61.63,"SACCF"
-155.36,-61.4,"SACCF"
-154.52,-61.11,"SACCF"
-153.98,-60.92,"SACCF"
-153.32,-60.67,"SACCF"
-152.68,-60.46,"SACCF"
-152.01,-60.23,"SACCF"
-151.32,-59.99,"SACCF"
-150.91,-59.85,"SACCF"
-150.64,-59.74,"SACCF"
-150.32,-59.63,"SACCF"
-150,-59.45,"SACCF"
-150,-59.45,"SACCF"
-149.93,-59.35,"SACCF"
-149.85,-59.3,"SACCF"
-149.73,-59.21,"SACCF"
-149.57,-59.07,"SACCF"
-149.33,-58.88,"SACCF"
-149.16,-58.77,"SACCF"
-148.94,-58.66,"SACCF"
-148.62,-58.54,"SACCF"
-148.25,-58.42,"SACCF"
-147.91,-58.32,"SACCF"
-147.53,-58.26,"SACCF"
-147.05,-58.26,"SACCF"
-146.51,-58.26,"SACCF"
-145.95,-58.27,"SACCF"
-145.37,-58.29,"SACCF"
-144.79,-58.33,"SACCF"
-144.29,-58.38,"SACCF"
-143.86,-58.49,"SACCF"
-143.49,-58.62,"SACCF"
-143.12,-58.81,"SACCF"
-142.67,-59.08,"SACCF"
-142.33,-59.3,"SACCF"
-142.06,-59.5,"SACCF"
-141.83,-59.71,"SACCF"
-141.58,-59.89,"SACCF"
-141.33,-60.03,"SACCF"
-141.06,-60.17,"SACCF"
-140.75,-60.31,"SACCF"
-140.4,-60.48,"SACCF"
-140.12,-60.55,"SACCF"
-139.7,-60.55,"SACCF"
-139.3,-60.51,"SACCF"
-138.96,-60.39,"SACCF"
-138.58,-60.21,"SACCF"
-138.21,-60.01,"SACCF"
-137.79,-59.8,"SACCF"
-137.37,-59.63,"SACCF"
-136.84,-59.49,"SACCF"
-136.39,-59.46,"SACCF"
-135.96,-59.57,"SACCF"
-135.52,-59.71,"SACCF"
-134.97,-59.89,"SACCF"
-134.49,-60.1,"SACCF"
-134.12,-60.27,"SACCF"
-133.81,-60.39,"SACCF"
-133.39,-60.53,"SACCF"
-133.04,-60.66,"SACCF"
-132.82,-60.75,"SACCF"
-132.57,-60.84,"SACCF"
-132.27,-60.95,"SACCF"
-131.97,-61.12,"SACCF"
-131.56,-61.3,"SACCF"
-131.17,-61.4,"SACCF"
-130.69,-61.47,"SACCF"
-130.3,-61.57,"SACCF"
-129.92,-61.7,"SACCF"
-129.52,-61.83,"SACCF"
-129,-61.97,"SACCF"
-128.65,-62.12,"SACCF"
-128.42,-62.29,"SACCF"
-128.21,-62.59,"SACCF"
-128.03,-62.92,"SACCF"
-127.92,-63.21,"SACCF"
-127.86,-63.44,"SACCF"
-127.73,-63.69,"SACCF"
-127.59,-63.95,"SACCF"
-127.41,-64.2,"SACCF"
-127.08,-64.39,"SACCF"
-126.54,-64.56,"SACCF"
-125.83,-64.7,"SACCF"
-125.18,-64.79,"SACCF"
-124.73,-64.84,"SACCF"
-124.56,-64.85,"SACCF"
-124.28,-64.87,"SACCF"
-123.85,-64.96,"SACCF"
-123.19,-65.08,"SACCF"
-122.58,-65.15,"SACCF"
-121.79,-65.23,"SACCF"
-120.91,-65.33,"SACCF"
-120.34,-65.4,"SACCF"
-119.89,-65.44,"SACCF"
-119.17,-65.47,"SACCF"
-118.58,-65.47,"SACCF"
-118.34,-65.47,"SACCF"
-117.84,-65.47,"SACCF"
-116.94,-65.48,"SACCF"
-116,-65.5,"SACCF"
-115.24,-65.51,"SACCF"
-114.49,-65.56,"SACCF"
-113.39,-65.7,"SACCF"
-112.51,-65.83,"SACCF"
-111.91,-65.94,"SACCF"
-111.02,-66.1,"SACCF"
-110.18,-66.3,"SACCF"
-109.38,-66.53,"SACCF"
-108.74,-66.76,"SACCF"
-108.02,-67,"SACCF"
-107.32,-67.19,"SACCF"
-106.56,-67.34,"SACCF"
-105.89,-67.55,"SACCF"
-105.29,-67.76,"SACCF"
-104.6,-67.96,"SACCF"
-103.91,-68.16,"SACCF"
-103.4,-68.31,"SACCF"
-102.94,-68.43,"SACCF"
-102.18,-68.64,"SACCF"
-101.48,-68.85,"SACCF"
-100.73,-69.07,"SACCF"
-99.95,-69.28,"SACCF"
-99.43,-69.41,"SACCF"
-98.9,-69.54,"SACCF"
-98.43,-69.66,"SACCF"
-97.76,-69.72,"SACCF"
-97.03,-69.69,"SACCF"
-96.34,-69.62,"SACCF"
-95.61,-69.55,"SACCF"
-94.94,-69.5,"SACCF"
-94.17,-69.45,"SACCF"
-93.5,-69.42,"SACCF"
-92.84,-69.41,"SACCF"
-92.2,-69.39,"SACCF"
-91.43,-69.34,"SACCF"
-90.79,-69.26,"SACCF"
-90.14,-69.13,"SACCF"
-89.37,-68.96,"SACCF"
-88.54,-68.75,"SACCF"
-87.78,-68.55,"SACCF"
-87.05,-68.42,"SACCF"
-86.37,-68.31,"SACCF"
-85.58,-68.19,"SACCF"
-84.82,-68.08,"SACCF"
-84.16,-67.97,"SACCF"
-83.42,-67.82,"SACCF"
-82.56,-67.64,"SACCF"
-82.15,-67.55,"SACCF"
-82.14,-67.55,"SACCF"
-82.03,-67.53,"SACCF"
-81.74,-67.49,"SACCF"
-81.22,-67.41,"SACCF"
-80.6,-67.28,"SACCF"
-79.95,-67.14,"SACCF"
-79.31,-67.02,"SACCF"
-78.59,-66.87,"SACCF"
-77.84,-66.75,"SACCF"
-77.11,-66.63,"SACCF"
-76.21,-66.48,"SACCF"
-75.26,-66.31,"SACCF"
-74.37,-66.16,"SACCF"
-73.61,-66.01,"SACCF"
-72.87,-65.81,"SACCF"
-72.12,-65.58,"SACCF"
-71.42,-65.33,"SACCF"
-70.69,-65.03,"SACCF"
-70.21,-64.76,"SACCF"
-69.89,-64.41,"SACCF"
-69.63,-64.05,"SACCF"
-69.26,-63.65,"SACCF"
-68.91,-63.31,"SACCF"
-68.49,-63,"SACCF"
-68.05,-62.81,"SACCF"
-67.59,-62.74,"SACCF"
-67.03,-62.69,"SACCF"
-66.72,-62.62,"SACCF"
-66.13,-62.57,"SACCF"
-65.65,-62.53,"SACCF"
-65.11,-62.45,"SACCF"
-64.58,-62.33,"SACCF"
-64.1,-62.17,"SACCF"
-63.63,-62.05,"SACCF"
-63.15,-61.95,"SACCF"
-62.74,-61.85,"SACCF"
-62.32,-61.74,"SACCF"
-61.84,-61.58,"SACCF"
-61.31,-61.41,"SACCF"
-60.79,-61.25,"SACCF"
-60.36,-61.16,"SACCF"
-60,-61.09,"SACCF"
-59.86,-61.05,"SACCF"
-59.68,-61.01,"SACCF"
-59.49,-60.96,"SACCF"
-59.28,-60.92,"SACCF"
-58.99,-60.89,"SACCF"
-58.87,-60.88,"SACCF"
-58.55,-60.82,"SACCF"
-58.42,-60.81,"SACCF"
-58.24,-60.83,"SACCF"
-57.99,-60.86,"SACCF"
-57.73,-60.87,"SACCF"
-57.62,-60.93,"SACCF"
-57.51,-60.87,"SACCF"
-57.44,-60.81,"SACCF"
-57.42,-60.73,"SACCF"
-57.48,-60.64,"SACCF"
-57.6,-60.55,"SACCF"
-57.71,-60.51,"SACCF"
-57.89,-60.46,"SACCF"
-58.1,-60.44,"SACCF"
-58.37,-60.38,"SACCF"
-58.59,-60.33,"SACCF"
-58.84,-60.24,"SACCF"
-59.01,-60.12,"SACCF"
-59.05,-60.04,"SACCF"
-59.04,-59.86,"SACCF"
-58.98,-59.66,"SACCF"
-58.92,-59.52,"SACCF"
-58.81,-59.48,"SACCF"
-58.64,-59.41,"SACCF"
-58.4,-59.34,"SACCF"
-58.21,-59.3,"SACCF"
-57.98,-59.26,"SACCF"
-57.65,-59.15,"SACCF"
-57.3,-59.05,"SACCF"
-56.9,-59,"SACCF"
-56.47,-58.99,"SACCF"
-56.02,-58.97,"SACCF"
-55.52,-58.96,"SACCF"
-54.94,-58.95,"SACCF"
-54.52,-58.94,"SACCF"
-54.1,-58.9,"SACCF"
-53.71,-58.89,"SACCF"
-53.27,-58.87,"SACCF"
-52.66,-58.85,"SACCF"
-52.12,-58.79,"SACCF"
-51.79,-58.73,"SACCF"
-51.5,-58.68,"SACCF"
-51.2,-58.63,"SACCF"
-50.81,-58.57,"SACCF"
-50.45,-58.51,"SACCF"
-50.21,-58.46,"SACCF"
-50.06,-58.43,"SACCF"
-49.85,-58.4,"SACCF"
-49.52,-58.29,"SACCF"
-49.28,-58.16,"SACCF"
-49.07,-58,"SACCF"
-48.88,-57.83,"SACCF"
-48.68,-57.7,"SACCF"
-48.48,-57.62,"SACCF"
-48.02,-57.51,"SACCF"
-47.46,-57.43,"SACCF"
-47.25,-57.41,"SACCF"
-46.96,-57.39,"SACCF"
-46.63,-57.38,"SACCF"
-46.24,-57.38,"SACCF"
-45.71,-57.37,"SACCF"
-45.38,-57.37,"SACCF"
-45.01,-57.36,"SACCF"
-44.75,-57.35,"SACCF"
-44.47,-57.31,"SACCF"
-44.1,-57.23,"SACCF"
-43.83,-57.2,"SACCF"
-43.72,-57.18,"SACCF"
-43.33,-57.15,"SACCF"
-42.85,-57.14,"SACCF"
-42.42,-57.17,"SACCF"
-42.03,-57.26,"SACCF"
-41.68,-57.37,"SACCF"
-41.38,-57.47,"SACCF"
-41.04,-57.57,"SACCF"
-40.68,-57.68,"SACCF"
-40.37,-57.82,"SACCF"
-40.21,-57.92,"SACCF"
-40.04,-58,"SACCF"
-39.8,-58.04,"SACCF"
-39.49,-58.05,"SACCF"
-39.18,-58.1,"SACCF"
-38.99,-58.14,"SACCF"
-38.82,-58.17,"SACCF"
-38.59,-58.21,"SACCF"
-38.42,-58.25,"SACCF"
-38.19,-58.28,"SACCF"
-38.01,-58.28,"SACCF"
-37.73,-58.27,"SACCF"
-37.57,-58.23,"SACCF"
-37.46,-58.17,"SACCF"
-37.41,-58.13,"SACCF"
-37.28,-58.04,"SACCF"
-37.12,-57.91,"SACCF"
-37.01,-57.81,"SACCF"
-36.91,-57.72,"SACCF"
-36.71,-57.6,"SACCF"
-36.47,-57.5,"SACCF"
-36.28,-57.45,"SACCF"
-36.05,-57.41,"SACCF"
-35.68,-57.39,"SACCF"
-35.49,-57.38,"SACCF"
-35.26,-57.38,"SACCF"
-35.01,-57.38,"SACCF"
-34.78,-57.36,"SACCF"
-34.49,-57.32,"SACCF"
-34.27,-57.29,"SACCF"
-34.07,-57.26,"SACCF"
-33.94,-57.23,"SACCF"
-33.88,-57.22,"SACCF"
-33.75,-57.16,"SACCF"
-33.62,-57.07,"SACCF"
-33.55,-56.97,"SACCF"
-33.47,-56.87,"SACCF"
-33.37,-56.78,"SACCF"
-33.32,-56.7,"SACCF"
-33.32,-56.57,"SACCF"
-33.33,-56.41,"SACCF"
-33.32,-56.24,"SACCF"
-33.36,-56.07,"SACCF"
-33.42,-55.93,"SACCF"
-33.42,-55.83,"SACCF"
-33.43,-55.73,"SACCF"
-33.4,-55.56,"SACCF"
-33.44,-55.34,"SACCF"
-33.48,-55.27,"SACCF"
-33.51,-55.18,"SACCF"
-33.63,-54.99,"SACCF"
-33.68,-54.94,"SACCF"
-33.78,-54.89,"SACCF"
-33.99,-54.74,"SACCF"
-34.19,-54.56,"SACCF"
-34.35,-54.38,"SACCF"
-34.52,-54.22,"SACCF"
-34.68,-54.12,"SACCF"
-34.97,-53.96,"SACCF"
-35.15,-53.85,"SACCF"
-35.31,-53.73,"SACCF"
-35.43,-53.6,"SACCF"
-35.5,-53.5,"SACCF"
-35.66,-53.39,"SACCF"
-35.86,-53.34,"SACCF"
-36.23,-53.29,"SACCF"
-36.67,-53.29,"SACCF"
-37.13,-53.28,"SACCF"
-37.6,-53.26,"SACCF"
-38.1,-53.27,"SACCF"
-38.42,-53.26,"SACCF"
-38.78,-53.2,"SACCF"
-39.1,-53.09,"SACCF"
-39.43,-52.96,"SACCF"
-39.84,-52.8,"SACCF"
-40.26,-52.71,"SACCF"
-40.66,-52.67,"SACCF"
-41.1,-52.6,"SACCF"
-41.46,-52.56,"SACCF"
-41.87,-52.53,"SACCF"
-42.26,-52.53,"SACCF"
-42.4,-52.52,"SACCF"
-42.53,-52.48,"SACCF"
-42.64,-52.39,"SACCF"
-42.67,-52.32,"SACCF"
-42.65,-52.24,"SACCF"
-42.59,-52.16,"SACCF"
-42.5,-52.11,"SACCF"
-42.32,-52.03,"SACCF"
-42.11,-51.97,"SACCF"
-41.81,-51.94,"SACCF"
-41.52,-51.95,"SACCF"
-41.32,-51.96,"SACCF"
-40.94,-51.96,"SACCF"
-40.43,-51.96,"SACCF"
-40.09,-51.98,"SACCF"
-40.03,-51.99,"SACCF"
-39.79,-52.04,"SACCF"
-39.36,-52.1,"SACCF"
-39.21,-52.11,"SACCF"
-39,-52.13,"SACCF"
-38.6,-52.16,"SACCF"
-38.18,-52.19,"SACCF"
-37.68,-52.21,"SACCF"
-37.2,-52.2,"SACCF"
-36.83,-52.2,"SACCF"
-36.39,-52.29,"SACCF"
-36.03,-52.48,"SACCF"
-35.84,-52.62,"SACCF"
-35.61,-52.73,"SACCF"
-35.41,-52.78,"SACCF"
-35.15,-52.75,"SACCF"
-34.92,-52.68,"SACCF"
-34.64,-52.52,"SACCF"
-34.53,-52.35,"SACCF"
-34.52,-52.2,"SACCF"
-34.56,-52.02,"SACCF"
-34.6,-51.82,"SACCF"
-34.6,-51.67,"SACCF"
-34.55,-51.56,"SACCF"
-34.35,-51.41,"SACCF"
-34.1,-51.3,"SACCF"
-33.89,-51.23,"SACCF"
-33.46,-51.13,"SACCF"
-33.05,-51.09,"SACCF"
-32.51,-51.08,"SACCF"
-32.12,-51.06,"SACCF"
-31.74,-51.05,"SACCF"
-31.49,-51.06,"SACCF"
-31.17,-51.08,"SACCF"
-30.81,-51.14,"SACCF"
-30.35,-51.25,"SACCF"
-29.93,-51.38,"SACCF"
-29.57,-51.53,"SACCF"
-29.24,-51.69,"SACCF"
-28.85,-51.87,"SACCF"
-28.56,-52.03,"SACCF"
-28.22,-52.2,"SACCF"
-27.84,-52.34,"SACCF"
-27.32,-52.5,"SACCF"
-26.86,-52.65,"SACCF"
-26.33,-52.84,"SACCF"
-25.66,-53.02,"SACCF"
-25.35,-53.1,"SACCF"
-25,-53.2,"SACCF"
-24.53,-53.3,"SACCF"
-24.04,-53.4,"SACCF"
-23.53,-53.56,"SACCF"
-23.24,-53.68,"SACCF"
-22.97,-53.87,"SACCF"
-22.71,-54.11,"SACCF"
-22.34,-54.43,"SACCF"
-22.01,-54.69,"SACCF"
-21.75,-54.85,"SACCF"
-21.36,-55.09,"SACCF"
-21.04,-55.36,"SACCF"
-20.68,-55.63,"SACCF"
-20.45,-55.82,"SACCF"
-20.12,-56.11,"SACCF"
-19.77,-56.42,"SACCF"
-19.5,-56.67,"SACCF"
-19.16,-57.01,"SACCF"
-18.87,-57.27,"SACCF"
-18.5,-57.53,"SACCF"
-18.12,-57.75,"SACCF"
-17.67,-57.98,"SACCF"
-17.38,-58.11,"SACCF"
-16.99,-58.2,"SACCF"
-16.4,-58.27,"SACCF"
-15.92,-58.3,"SACCF"
-15.44,-58.33,"SACCF"
-14.84,-58.3,"SACCF"
-14.35,-58.24,"SACCF"
-14.03,-58.16,"SACCF"
-13.61,-58.04,"SACCF"
-13.23,-57.88,"SACCF"
-12.77,-57.66,"SACCF"
-12.35,-57.44,"SACCF"
-12.28,-57.4,"SACCF"
-12.16,-57.33,"SACCF"
-12.07,-57.27,"SACCF"
-12.03,-57.26,"SACCF"
-11.78,-57.17,"SACCF"
-11.37,-57,"SACCF"
-10.97,-56.83,"SACCF"
-10.57,-56.68,"SACCF"
-10.21,-56.53,"SACCF"
-9.75,-56.31,"SACCF"
-9.28,-56.04,"SACCF"
-8.91,-55.84,"SACCF"
-8.76,-55.77,"SACCF"
-8.55,-55.62,"SACCF"
-8.45,-55.52,"SACCF"
-8.38,-55.48,"SACCF"
-8.33,-55.4,"SACCF"
-8.19,-55.24,"SACCF"
-7.91,-54.97,"SACCF"
-7.51,-54.61,"SACCF"
-7.23,-54.28,"SACCF"
-6.96,-54.01,"SACCF"
-6.8,-53.83,"SACCF"
-6.43,-53.51,"SACCF"
-6.12,-53.28,"SACCF"
-5.91,-53.15,"SACCF"
-5.56,-52.97,"SACCF"
-5.14,-52.75,"SACCF"
-4.85,-52.6,"SACCF"
-4.64,-52.51,"SACCF"
-4.2,-52.39,"SACCF"
-3.57,-52.27,"SACCF"
-2.97,-52.18,"SACCF"
-2.39,-52.16,"SACCF"
-1.9,-52.17,"SACCF"
-1.46,-52.21,"SACCF"
-1.03,-52.25,"SACCF"
-0.35,-52.35,"SACCF"
0.23,-52.41,"SACCF"
0.61,-52.43,"SACCF"
1.16,-52.42,"SACCF"
1.84,-52.41,"SACCF"
2.36,-52.41,"SACCF"
2.92,-52.4,"SACCF"
3.42,-52.39,"SACCF"
3.95,-52.39,"SACCF"
4.93,-52.42,"SACCF"
5.84,-52.46,"SACCF"
6.38,-52.45,"SACCF"
6.63,-52.45,"SACCF"
6.87,-52.46,"SACCF"
7.14,-52.48,"SACCF"
7.35,-52.47,"SACCF"
7.64,-52.46,"SACCF"
8.14,-52.41,"SACCF"
8.66,-52.39,"SACCF"
9.23,-52.39,"SACCF"
9.81,-52.35,"SACCF"
10.48,-52.28,"SACCF"
10.79,-52.24,"SACCF"
11.14,-52.23,"SACCF"
11.75,-52.2,"SACCF"
12.56,-52.19,"SACCF"
13.21,-52.13,"SACCF"
13.86,-52.06,"SACCF"
14.19,-52.01,"SACCF"
14.65,-51.95,"SACCF"
15.2,-51.9,"SACCF"
15.94,-51.83,"SACCF"
16.86,-51.8,"SACCF"
17.17,-51.8,"SACCF"
17.52,-51.75,"SACCF"
17.91,-51.7,"SACCF"
18.39,-51.66,"SACCF"
18.91,-51.63,"SACCF"
19.56,-51.62,"SACCF"
20.28,-51.65,"SACCF"
20.74,-51.67,"SACCF"
21.27,-51.68,"SACCF"
21.94,-51.74,"SACCF"
22.62,-51.81,"SACCF"
23.19,-51.87,"SACCF"
23.78,-51.9,"SACCF"
24.26,-51.93,"SACCF"
24.7,-51.96,"SACCF"
25.19,-52.04,"SACCF"
25.71,-52.09,"SACCF"
26.2,-52.2,"SACCF"
26.66,-52.36,"SACCF"
26.94,-52.49,"SACCF"
26.97,-52.52,"SACCF"
27.02,-52.57,"SACCF"
27.17,-52.73,"SACCF"
27.3,-52.84,"SACCF"
27.39,-52.91,"SACCF"
27.55,-53.07,"SACCF"
27.68,-53.27,"SACCF"
27.79,-53.5,"SACCF"
27.9,-53.73,"SACCF"
27.98,-53.92,"SACCF"
28.02,-54.04,"SACCF"
28.11,-54.18,"SACCF"
28.2,-54.39,"SACCF"
28.27,-54.58,"SACCF"
28.38,-54.8,"SACCF"
28.49,-55.03,"SACCF"
28.92,-55.48,"SACCF"
29.26,-55.68,"SACCF"
29.45,-55.78,"SACCF"
29.65,-55.88,"SACCF"
29.84,-55.98,"SACCF"
29.91,-56.01,"SACCF"
30,-56.09,"SACCF"
30,-56.09,"SACCF"
30.07,-56.17,"SACCF"
30.17,-56.21,"SACCF"
30.29,-56.24,"SACCF"
30.58,-56.3,"SACCF"
30.93,-56.35,"SACCF"
31.48,-56.44,"SACCF"
32.04,-56.47,"SACCF"
32.59,-56.48,"SACCF"
33.07,-56.53,"SACCF"
33.45,-56.59,"SACCF"
33.94,-56.65,"SACCF"
34.53,-56.68,"SACCF"
35.04,-56.74,"SACCF"
35.63,-56.83,"SACCF"
36.2,-56.91,"SACCF"
36.82,-57.01,"SACCF"
37.28,-57.18,"SACCF"
37.59,-57.36,"SACCF"
38.04,-57.52,"SACCF"
38.58,-57.65,"SACCF"
38.98,-57.78,"SACCF"
39.34,-57.93,"SACCF"
39.87,-58.07,"SACCF"
40.45,-58.17,"SACCF"
40.91,-58.27,"SACCF"
41.51,-58.39,"SACCF"
42.13,-58.53,"SACCF"
42.83,-58.69,"SACCF"
43.5,-58.84,"SACCF"
43.95,-58.94,"SACCF"
44.32,-59.05,"SACCF"
44.7,-59.18,"SACCF"
45.08,-59.31,"SACCF"
45.49,-59.43,"SACCF"
45.88,-59.53,"SACCF"
46.22,-59.61,"SACCF"
46.63,-59.71,"SACCF"
47.05,-59.82,"SACCF"
47.56,-59.95,"SACCF"
48.15,-60.1,"SACCF"
48.85,-60.21,"SACCF"
49.66,-60.31,"SACCF"
50.32,-60.4,"SACCF"
50.98,-60.47,"SACCF"
51.73,-60.56,"SACCF"
52.6,-60.64,"SACCF"
53.37,-60.74,"SACCF"
54.08,-60.87,"SACCF"
54.76,-61.05,"SACCF"
55.17,-61.14,"SACCF"
55.49,-61.19,"SACCF"
56.01,-61.26,"SACCF"
56.7,-61.39,"SACCF"
57.45,-61.55,"SACCF"
58.1,-61.7,"SACCF"
58.18,-61.72,"SACCF"
58.19,-61.73,"SACCF"
58.28,-61.77,"SACCF"
58.45,-61.81,"SACCF"
58.95,-61.94,"SACCF"
59.97,-62.16,"SACCF"
60.71,-62.33,"SACCF"
61.32,-62.45,"SACCF"
61.95,-62.55,"SACCF"
62.78,-62.67,"SACCF"
63.7,-62.76,"SACCF"
64.45,-62.85,"SACCF"
65.18,-63.01,"SACCF"
65.89,-63.14,"SACCF"
66.54,-63.23,"SACCF"
67.24,-63.3,"SACCF"
67.98,-63.37,"SACCF"
68.89,-63.44,"SACCF"
69.74,-63.49,"SACCF"
70.41,-63.51,"SACCF"
70.84,-63.51,"SACCF"
71.3,-63.49,"SACCF"
71.81,-63.47,"SACCF"
72.32,-63.45,"SACCF"
72.87,-63.42,"SACCF"
73.38,-63.38,"SACCF"
73.86,-63.31,"SACCF"
74.25,-63.27,"SACCF"
74.78,-63.21,"SACCF"
75.36,-63.15,"SACCF"
75.91,-63.1,"SACCF"
76.52,-63.08,"SACCF"
77.04,-63.1,"SACCF"
77.52,-63.15,"SACCF"
77.97,-63.26,"SACCF"
78.39,-63.44,"SACCF"
78.55,-63.65,"SACCF"
78.72,-63.87,"SACCF"
78.98,-64.02,"SACCF"
79.19,-64.11,"SACCF"
79.44,-64.24,"SACCF"
79.71,-64.34,"SACCF"
80.09,-64.41,"SACCF"
80.49,-64.44,"SACCF"
80.95,-64.44,"SACCF"
81.37,-64.4,"SACCF"
81.78,-64.31,"SACCF"
82.31,-64.17,"SACCF"
82.76,-64.03,"SACCF"
83.13,-63.91,"SACCF"
83.51,-63.81,"SACCF"
83.8,-63.73,"SACCF"
84.08,-63.64,"SACCF"
84.37,-63.53,"SACCF"
84.63,-63.39,"SACCF"
84.79,-63.25,"SACCF"
84.92,-63.09,"SACCF"
84.96,-62.87,"SACCF"
84.91,-62.66,"SACCF"
84.88,-62.46,"SACCF"
84.83,-62.18,"SACCF"
84.76,-61.95,"SACCF"
84.67,-61.75,"SACCF"
84.57,-61.49,"SACCF"
84.55,-61.22,"SACCF"
84.63,-60.91,"SACCF"
84.67,-60.71,"SACCF"
84.68,-60.43,"SACCF"
84.6,-60.12,"SACCF"
84.57,-59.86,"SACCF"
84.53,-59.67,"SACCF"
84.41,-59.45,"SACCF"
84.22,-59.27,"SACCF"
84.05,-59.11,"SACCF"
83.92,-58.9,"SACCF"
84.01,-58.66,"SACCF"
84.17,-58.45,"SACCF"
84.37,-58.29,"SACCF"
84.62,-58.18,"SACCF"
84.89,-58.09,"SACCF"
85.28,-58.02,"SACCF"
85.68,-58.01,"SACCF"
86.13,-58.07,"SACCF"
86.52,-58.2,"SACCF"
86.84,-58.43,"SACCF"
87.05,-58.75,"SACCF"
87.19,-58.95,"SACCF"
87.35,-59.16,"SACCF"
87.6,-59.36,"SACCF"
88.04,-59.54,"SACCF"
88.48,-59.67,"SACCF"
88.74,-59.73,"SACCF"
89.1,-59.75,"SACCF"
89.55,-59.73,"SACCF"
89.97,-59.68,"SACCF"
90.33,-59.59,"SACCF"
90.79,-59.39,"SACCF"
91.17,-59.16,"SACCF"
91.44,-58.97,"SACCF"
91.77,-58.75,"SACCF"
92.01,-58.54,"SACCF"
92.32,-58.31,"SACCF"
92.84,-57.97,"SACCF"
93.08,-57.77,"SACCF"
93.31,-57.55,"SACCF"
93.57,-57.36,"SACCF"
93.9,-57.19,"SACCF"
94.33,-57.03,"SACCF"
94.71,-56.93,"SACCF"
95.05,-56.87,"SACCF"
95.51,-56.87,"SACCF"
96.08,-56.99,"SACCF"
96.7,-57.16,"SACCF"
97.35,-57.3,"SACCF"
97.8,-57.43,"SACCF"
98.35,-57.64,"SACCF"
98.85,-57.82,"SACCF"
99.46,-58,"SACCF"
100.17,-58.17,"SACCF"
100.64,-58.28,"SACCF"
101.24,-58.42,"SACCF"
101.88,-58.53,"SACCF"
102.58,-58.67,"SACCF"
103.3,-58.82,"SACCF"
103.85,-58.92,"SACCF"
104.72,-59.07,"SACCF"
105.35,-59.17,"SACCF"
105.88,-59.21,"SACCF"
106.53,-59.23,"SACCF"
107.34,-59.28,"SACCF"
108.1,-59.31,"SACCF"
108.8,-59.33,"SACCF"
109.54,-59.36,"SACCF"
110.3,-59.44,"SACCF"
110.94,-59.52,"SACCF"
111.6,-59.69,"SACCF"
112.37,-59.92,"SACCF"
113.1,-60.15,"SACCF"
113.72,-60.3,"SACCF"
114.4,-60.43,"SACCF"
115.17,-60.54,"SACCF"
115.8,-60.59,"SACCF"
116.42,-60.63,"SACCF"
116.69,-60.65,"SACCF"
116.86,-60.67,"SACCF"
117.09,-60.69,"SACCF"
117.41,-60.72,"SACCF"
117.84,-60.77,"SACCF"
118.28,-60.82,"SACCF"
118.83,-60.89,"SACCF"
119.36,-60.93,"SACCF"
119.77,-60.97,"SACCF"
119.92,-61,"SACCF"
120,-61.01,"SACCF"
120,-61.01,"SACCF"
120.03,-60.98,"SACCF"
120.11,-61,"SACCF"
120.34,-61.01,"SACCF"
120.56,-61.03,"SACCF"
120.88,-61.05,"SACCF"
121.38,-61.09,"SACCF"
121.95,-61.1,"SACCF"
122.44,-61.1,"SACCF"
122.91,-61.11,"SACCF"
123.39,-61.14,"SACCF"
123.95,-61.17,"SACCF"
124.48,-61.17,"SACCF"
124.96,-61.17,"SACCF"
125.39,-61.19,"SACCF"
125.86,-61.22,"SACCF"
126.39,-61.25,"SACCF"
126.85,-61.31,"SACCF"
127.17,-61.42,"SACCF"
127.56,-61.6,"SACCF"
128,-61.77,"SACCF"
128.37,-61.9,"SACCF"
128.67,-62.01,"SACCF"
128.97,-62.15,"SACCF"
129.31,-62.33,"SACCF"
129.57,-62.45,"SACCF"
129.78,-62.54,"SACCF"
130.16,-62.68,"SACCF"
130.74,-62.86,"SACCF"
131.29,-63,"SACCF"
131.77,-63.08,"SACCF"
132.11,-63.15,"SACCF"
132.62,-63.25,"SACCF"
133.41,-63.34,"SACCF"
134.21,-63.38,"SACCF"
134.77,-63.4,"SACCF"
135.38,-63.45,"SACCF"
136.21,-63.5,"SACCF"
137.07,-63.55,"SACCF"
137.91,-63.6,"SACCF"
138.73,-63.63,"SACCF"
139.45,-63.68,"SACCF"
140.04,-63.68,"SACCF"
140.71,-63.67,"SACCF"
141.53,-63.65,"SACCF"
142.26,-63.63,"SACCF"
142.91,-63.6,"SACCF"
143.44,-63.55,"SACCF"
143.92,-63.46,"SACCF"
144.42,-63.33,"SACCF"
144.83,-63.23,"SACCF"
145.16,-63.19,"SACCF"
145.79,-63.23,"SACCF"
146.33,-63.3,"SACCF"
146.94,-63.38,"SACCF"
147.73,-63.51,"SACCF"
148.57,-63.64,"SACCF"
149.2,-63.73,"SACCF"
149.74,-63.78,"SACCF"
150.5,-63.79,"SACCF"
151.18,-63.73,"SACCF"
151.91,-63.6,"SACCF"
152.65,-63.44,"SACCF"
153.28,-63.33,"SACCF"
154.09,-63.2,"SACCF"
155.01,-63.05,"SACCF"
155.71,-62.91,"SACCF"
156.54,-62.68,"SACCF"
157.16,-62.45,"SACCF"
157.73,-62.27,"SACCF"
158.32,-62.08,"SACCF"
158.96,-61.91,"SACCF"
159.71,-61.74,"SACCF"
160.65,-61.58,"SACCF"
161.4,-61.47,"SACCF"
161.91,-61.42,"SACCF"
162.38,-61.39,"SACCF"
162.94,-61.44,"SACCF"
163.71,-61.59,"SACCF"
164.44,-61.74,"SACCF"
165.2,-61.86,"SACCF"
166.02,-61.99,"SACCF"
166.93,-62.12,"SACCF"
167.76,-62.25,"SACCF"
168.69,-62.37,"SACCF"
169.62,-62.49,"SACCF"
170.4,-62.64,"SACCF"
170.86,-62.76,"SACCF"
171.43,-62.93,"SACCF"
171.99,-63.15,"SACCF"
172.69,-63.39,"SACCF"
173.31,-63.57,"SACCF"
173.79,-63.74,"SACCF"
174.23,-63.89,"SACCF"
174.66,-64.02,"SACCF"
175.01,-64.12,"SACCF"
175.47,-64.25,"SACCF"
175.92,-64.36,"SACCF"
176.42,-64.39,"SACCF"
177,-64.34,"SACCF"
177.47,-64.28,"SACCF"
177.93,-64.24,"SACCF"
178.44,-64.24,"SACCF"
178.97,-64.3,"SACCF"
179.7,-64.41,"SACCF"
81.7,-54.43,"SACCF Loop 1"
81.74,-54.39,"SACCF Loop 1"
81.74,-54.39,"SACCF Loop 1"
81.79,-54.36,"SACCF Loop 1"
81.94,-54.32,"SACCF Loop 1"
82.12,-54.27,"SACCF Loop 1"
82.28,-54.23,"SACCF Loop 1"
82.47,-54.17,"SACCF Loop 1"
82.65,-54.14,"SACCF Loop 1"
82.84,-54.15,"SACCF Loop 1"
83.07,-54.19,"SACCF Loop 1"
83.3,-54.22,"SACCF Loop 1"
83.58,-54.25,"SACCF Loop 1"
83.99,-54.33,"SACCF Loop 1"
84.27,-54.44,"SACCF Loop 1"
84.58,-54.55,"SACCF Loop 1"
84.91,-54.71,"SACCF Loop 1"
85.13,-54.84,"SACCF Loop 1"
85.33,-55.02,"SACCF Loop 1"
85.47,-55.15,"SACCF Loop 1"
85.61,-55.29,"SACCF Loop 1"
85.72,-55.47,"SACCF Loop 1"
85.8,-55.66,"SACCF Loop 1"
85.82,-55.84,"SACCF Loop 1"
85.79,-56.02,"SACCF Loop 1"
85.71,-56.17,"SACCF Loop 1"
85.56,-56.3,"SACCF Loop 1"
85.36,-56.41,"SACCF Loop 1"
85.08,-56.48,"SACCF Loop 1"
84.81,-56.49,"SACCF Loop 1"
84.47,-56.47,"SACCF Loop 1"
84.2,-56.41,"SACCF Loop 1"
83.97,-56.31,"SACCF Loop 1"
83.76,-56.18,"SACCF Loop 1"
83.57,-56.04,"SACCF Loop 1"
83.28,-55.88,"SACCF Loop 1"
83.02,-55.76,"SACCF Loop 1"
82.75,-55.68,"SACCF Loop 1"
82.41,-55.6,"SACCF Loop 1"
82.17,-55.51,"SACCF Loop 1"
81.93,-55.4,"SACCF Loop 1"
81.64,-55.24,"SACCF Loop 1"
81.47,-55.08,"SACCF Loop 1"
81.38,-54.96,"SACCF Loop 1"
81.35,-54.81,"SACCF Loop 1"
81.4,-54.67,"SACCF Loop 1"
81.51,-54.55,"SACCF Loop 1"
81.66,-54.46,"SACCF Loop 1"
81.7,-54.43,"SACCF Loop 1"
-135.18,-62.48,"SACCF Loop 2"
-135.08,-62.46,"SACCF Loop 2"
-134.96,-62.44,"SACCF Loop 2"
-134.75,-62.44,"SACCF Loop 2"
-134.49,-62.47,"SACCF Loop 2"
-134.16,-62.54,"SACCF Loop 2"
-133.79,-62.65,"SACCF Loop 2"
-133.46,-62.74,"SACCF Loop 2"
-133.1,-62.85,"SACCF Loop 2"
-132.74,-63.03,"SACCF Loop 2"
-132.41,-63.25,"SACCF Loop 2"
-132.3,-63.45,"SACCF Loop 2"
-132.38,-63.7,"SACCF Loop 2"
-132.56,-63.94,"SACCF Loop 2"
-132.91,-64.11,"SACCF Loop 2"
-133.43,-64.27,"SACCF Loop 2"
-134.08,-64.37,"SACCF Loop 2"
-134.71,-64.44,"SACCF Loop 2"
-135.33,-64.41,"SACCF Loop 2"
-135.96,-64.32,"SACCF Loop 2"
-136.46,-64.25,"SACCF Loop 2"
-137.01,-64.13,"SACCF Loop 2"
-137.53,-63.92,"SACCF Loop 2"
-137.77,-63.69,"SACCF Loop 2"
-137.86,-63.46,"SACCF Loop 2"
-137.8,-63.31,"SACCF Loop 2"
-137.56,-63.13,"SACCF Loop 2"
-137.23,-63,"SACCF Loop 2"
-136.81,-62.85,"SACCF Loop 2"
-136.49,-62.73,"SACCF Loop 2"
-136.22,-62.67,"SACCF Loop 2"
-135.87,-62.59,"SACCF Loop 2"
-135.5,-62.53,"SACCF Loop 2"
-135.25,-62.48,"SACCF Loop 2"
-135.18,-62.48,"SACCF Loop 2"
-179.137,-65.555,"Boundary"
-177.937,-65.681,"Boundary"
-176.737,-65.61,"Boundary"
-175.579,-65.462,"Boundary"
-174.415,-65.391,"Boundary"
-173.413,-65.351,"Boundary"
-172.327,-65.213,"Boundary"
-171.19,-64.948,"Boundary"
-169.757,-64.606,"Boundary"
-168.035,-64.275,"Boundary"
-166.649,-63.98,"Boundary"
-165.419,-63.712,"Boundary"
-163.937,-63.446,"Boundary"
-162.599,-63.216,"Boundary"
-161.771,-63.027,"Boundary"
-160.883,-62.816,"Boundary"
-159.824,-62.591,"Boundary"
-158.753,-62.447,"Boundary"
-157.262,-62.191,"Boundary"
-155.762,-61.785,"Boundary"
-154.397,-61.368,"Boundary"
-153.308,-60.959,"Boundary"
-152.144,-60.574,"Boundary"
-151.421,-60.352,"Boundary"
-150.123,-60.321,"Boundary"
-149.874,-60.12,"Boundary"
-149.469,-59.914,"Boundary"
-148.929,-59.495,"Boundary"
-148.485,-59.185,"Boundary"
-147.99,-58.983,"Boundary"
-147.222,-58.901,"Boundary"
-146.151,-58.958,"Boundary"
-145.26,-59.072,"Boundary"
-144.504,-59.205,"Boundary"
-143.931,-59.344,"Boundary"
-143.457,-59.504,"Boundary"
-143.088,-59.641,"Boundary"
-142.707,-59.765,"Boundary"
-142.164,-59.916,"Boundary"
-141.57,-60.026,"Boundary"
-141.087,-60.1,"Boundary"
-140.565,-60.208,"Boundary"
-139.917,-60.324,"Boundary"
-139.113,-60.354,"Boundary"
-138.357,-60.296,"Boundary"
-137.613,-60.291,"Boundary"
-137.07,-60.48,"Boundary"
-136.902,-60.826,"Boundary"
-137.217,-61.341,"Boundary"
-137.808,-61.814,"Boundary"
-138.396,-62.205,"Boundary"
-138.879,-62.734,"Boundary"
-139.119,-63.415,"Boundary"
-139.116,-64.096,"Boundary"
-138.813,-64.622,"Boundary"
-138.039,-65.125,"Boundary"
-137.403,-65.367,"Boundary"
-137.046,-65.506,"Boundary"
-136.497,-65.657,"Boundary"
-135.63,-65.784,"Boundary"
-134.631,-65.926,"Boundary"
-133.359,-66.267,"Boundary"
-132.003,-66.747,"Boundary"
-130.809,-67.258,"Boundary"
-130.563,-67.558,"Boundary"
-130.422,-67.696,"Boundary"
-129.684,-67.893,"Boundary"
-129.066,-68.089,"Boundary"
-128.532,-68.291,"Boundary"
-128.007,-68.475,"Boundary"
-127.467,-68.634,"Boundary"
-126.31,-68.863,"Boundary"
-125.053,-69.059,"Boundary"
-124.069,-69.138,"Boundary"
-122.536,-69.187,"Boundary"
-121.051,-69.275,"Boundary"
-119.314,-69.374,"Boundary"
-117.379,-69.496,"Boundary"
-115.834,-69.565,"Boundary"
-114.517,-69.636,"Boundary"
-113.668,-69.676,"Boundary"
-112.81,-69.722,"Boundary"
-111.955,-69.742,"Boundary"
-111.289,-69.747,"Boundary"
-110.944,-69.745,"Boundary"
-110.443,-69.759,"Boundary"
-109.987,-69.784,"Boundary"
-109.9,-69.788,"Boundary"
-109.759,-69.811,"Boundary"
-109.273,-69.921,"Boundary"
-108.79,-70.089,"Boundary"
-108.28,-70.263,"Boundary"
-107.584,-70.411,"Boundary"
-106.894,-70.456,"Boundary"
-106.105,-70.459,"Boundary"
-105.436,-70.442,"Boundary"
-105.028,-70.432,"Boundary"
-104.767,-70.433,"Boundary"
-104.683,-70.432,"Boundary"
-104.35,-70.422,"Boundary"
-103.978,-70.404,"Boundary"
-103.786,-70.394,"Boundary"
-103.495,-70.384,"Boundary"
-103.048,-70.374,"Boundary"
-102.643,-70.364,"Boundary"
-102.142,-70.357,"Boundary"
-101.401,-70.327,"Boundary"
-100.573,-70.29,"Boundary"
-99.853,-70.265,"Boundary"
-99.172,-70.281,"Boundary"
-98.938,-70.294,"Boundary"
-98.932,-70.294,"Boundary"
-98.932,-70.295,"Boundary"
-98.926,-70.297,"Boundary"
-98.926,-70.297,"Boundary"
-98.86,-70.306,"Boundary"
-98.656,-70.325,"Boundary"
-98.287,-70.323,"Boundary"
-98.065,-70.32,"Boundary"
-98.017,-70.318,"Boundary"
-97.837,-70.307,"Boundary"
-97.513,-70.293,"Boundary"
-96.886,-70.248,"Boundary"
-96.01,-70.174,"Boundary"
-95.374,-70.111,"Boundary"
-94.606,-70.081,"Boundary"
-93.592,-70.115,"Boundary"
-92.632,-70.148,"Boundary"
-91.654,-70.151,"Boundary"
-90.913,-70.123,"Boundary"
-90.217,-70.083,"Boundary"
-89.512,-70.022,"Boundary"
-88.366,-69.85,"Boundary"
-86.869,-69.572,"Boundary"
-85.669,-69.407,"Boundary"
-84.544,-69.337,"Boundary"
-82.87,-69.264,"Boundary"
-81.889,-69.201,"Boundary"
-81.172,-69.169,"Boundary"
-80.71,-69.122,"Boundary"
-80.209,-69.06,"Boundary"
-79.718,-68.948,"Boundary"
-79.376,-68.881,"Boundary"
-78.947,-68.79,"Boundary"
-78.47,-68.624,"Boundary"
-77.81,-68.368,"Boundary"
-77.384,-68.193,"Boundary"
-76.796,-67.884,"Boundary"
-76.214,-67.588,"Boundary"
-75.641,-67.317,"Boundary"
-75.059,-67.046,"Boundary"
-74.348,-66.89,"Boundary"
-73.619,-66.773,"Boundary"
-72.743,-66.576,"Boundary"
-71.984,-66.364,"Boundary"
-71.567,-66.248,"Boundary"
-71.174,-66.137,"Boundary"
-70.925,-66.007,"Boundary"
-70.706,-65.802,"Boundary"
-70.406,-65.601,"Boundary"
-69.938,-65.4,"Boundary"
-69.515,-65.106,"Boundary"
-69.02,-64.703,"Boundary"
-68.492,-64.355,"Boundary"
-67.853,-64.1,"Boundary"
-66.989,-63.855,"Boundary"
-66.323,-63.709,"Boundary"
-66.104,-63.663,"Boundary"
-66.092,-63.66,"Boundary"
-66.092,-63.66,"Boundary"
-66.092,-63.659,"Boundary"
-66.086,-63.659,"Boundary"
-65.903,-63.623,"Boundary"
-65.474,-63.556,"Boundary"
-65.213,-63.501,"Boundary"
-64.886,-63.409,"Boundary"
-64.451,-63.296,"Boundary"
-63.896,-63.14,"Boundary"
-63.353,-62.92,"Boundary"
-62.837,-62.67,"Boundary"
-62.315,-62.424,"Boundary"
-61.667,-62.17,"Boundary"
-61.043,-61.991,"Boundary"
-60.272,-61.801,"Boundary"
-60.018,-61.79,"Boundary"
-59.622,-61.688,"Boundary"
-59.178,-61.616,"Boundary"
-58.779,-61.521,"Boundary"
-58.389,-61.461,"Boundary"
-57.906,-61.369,"Boundary"
-57.213,-61.266,"Boundary"
-56.781,-61.168,"Boundary"
-56.748,-61.164,"Boundary"
-56.496,-61.152,"Boundary"
-56.199,-61.141,"Boundary"
-55.929,-61.035,"Boundary"
-55.722,-60.853,"Boundary"
-55.518,-60.673,"Boundary"
-55.107,-60.5,"Boundary"
-54.315,-60.257,"Boundary"
-53.277,-59.952,"Boundary"
-52.491,-59.783,"Boundary"
-51.87,-59.609,"Boundary"
-51.435,-59.411,"Boundary"
-51.027,-59.183,"Boundary"
-50.586,-59.012,"Boundary"
-50.04,-58.994,"Boundary"
-49.65,-59.168,"Boundary"
-49.506,-59.465,"Boundary"
-49.362,-59.752,"Boundary"
-48.987,-59.919,"Boundary"
-48.618,-59.859,"Boundary"
-48.486,-59.64,"Boundary"
-48.375,-59.353,"Boundary"
-48.06,-59.151,"Boundary"
-47.703,-59.172,"Boundary"
-47.43,-59.34,"Boundary"
-47.193,-59.576,"Boundary"
-46.713,-59.623,"Boundary"
-46.221,-59.503,"Boundary"
-45.912,-59.203,"Boundary"
-45.522,-58.909,"Boundary"
-45.039,-58.805,"Boundary"
-44.529,-58.91,"Boundary"
-44.088,-59.074,"Boundary"
-43.509,-59.018,"Boundary"
-42.723,-58.859,"Boundary"
-41.922,-58.728,"Boundary"
-41.385,-58.718,"Boundary"
-40.824,-58.686,"Boundary"
-40.314,-58.536,"Boundary"
-39.915,-58.466,"Boundary"
-39.402,-58.555,"Boundary"
-38.73,-58.721,"Boundary"
-37.986,-58.744,"Boundary"
-36.951,-58.636,"Boundary"
-36.073,-58.536,"Boundary"
-35.332,-58.511,"Boundary"
-34.561,-58.492,"Boundary"
-33.97,-58.461,"Boundary"
-33.52,-58.381,"Boundary"
-32.953,-58.223,"Boundary"
-32.329,-57.976,"Boundary"
-31.804,-57.691,"Boundary"
-31.456,-57.479,"Boundary"
-30.982,-57.17,"Boundary"
-30.424,-56.758,"Boundary"
-30.007,-56.173,"Boundary"
-30.109,-55.692,"Boundary"
-30.583,-55.247,"Boundary"
-31.174,-54.889,"Boundary"
-31.948,-54.524,"Boundary"
-32.419,-54.257,"Boundary"
-32.665,-53.986,"Boundary"
-32.785,-53.683,"Boundary"
-32.509,-53.392,"Boundary"
-31.849,-53.166,"Boundary"
-31.042,-53.091,"Boundary"
-30.271,-53.283,"Boundary"
-29.671,-53.587,"Boundary"
-29.41,-53.726,"Boundary"
-29.11,-53.848,"Boundary"
-28.801,-53.986,"Boundary"
-28.714,-54.018,"Boundary"
-28.339,-54.244,"Boundary"
-27.892,-54.431,"Boundary"
-27.403,-54.663,"Boundary"
-27.019,-54.917,"Boundary"
-26.515,-55.344,"Boundary"
-26.005,-55.841,"Boundary"
-25.624,-56.143,"Boundary"
-25.186,-56.634,"Boundary"
-25,-56.937,"Boundary"
-24.871,-57.227,"Boundary"
-24.712,-57.679,"Boundary"
-24.439,-57.98,"Boundary"
-23.863,-58.268,"Boundary"
-23.419,-58.494,"Boundary"
-23.299,-58.781,"Boundary"
-23.473,-59.226,"Boundary"
-23.941,-59.747,"Boundary"
-24.151,-60.075,"Boundary"
-23.956,-60.477,"Boundary"
-23.347,-60.84,"Boundary"
-22.411,-61.032,"Boundary"
-21.355,-61.025,"Boundary"
-20.419,-60.807,"Boundary"
-19.831,-60.664,"Boundary"
-18.937,-60.7,"Boundary"
-18.034,-60.674,"Boundary"
-17.209,-60.392,"Boundary"
-16.357,-59.92,"Boundary"
-15.64,-59.658,"Boundary"
-14.686,-59.462,"Boundary"
-13.507,-59.194,"Boundary"
-12.256,-58.878,"Boundary"
-11.329,-58.588,"Boundary"
-10.783,-58.408,"Boundary"
-9.973,-58.182,"Boundary"
-8.824,-57.952,"Boundary"
-7.438,-57.776,"Boundary"
-6.358,-57.619,"Boundary"
-5.758,-57.486,"Boundary"
-4.909,-57.253,"Boundary"
-4.453,-57.154,"Boundary"
-4.186,-57.103,"Boundary"
-3.523,-56.896,"Boundary"
-2.497,-56.644,"Boundary"
-1.177,-56.333,"Boundary"
-0.697,-56.221,"Boundary"
-0.037,-56.098,"Boundary"
0.758,-55.883,"Boundary"
1.4,-55.702,"Boundary"
2,-55.574,"Boundary"
2.327,-55.538,"Boundary"
2.924,-55.536,"Boundary"
3.875,-55.354,"Boundary"
4.823,-54.903,"Boundary"
5.831,-54.346,"Boundary"
6.881,-53.963,"Boundary"
8.147,-53.807,"Boundary"
9.047,-53.496,"Boundary"
9.794,-53.24,"Boundary"
10.762,-53.066,"Boundary"
12.019,-53.071,"Boundary"
13.495,-53.233,"Boundary"
14.842,-53.265,"Boundary"
15.964,-53.249,"Boundary"
16.672,-53.242,"Boundary"
17.611,-53.215,"Boundary"
18.652,-53.256,"Boundary"
19.579,-53.376,"Boundary"
20.389,-53.587,"Boundary"
21.334,-53.804,"Boundary"
22.453,-54.209,"Boundary"
23.413,-54.734,"Boundary"
24.136,-55.277,"Boundary"
24.724,-55.817,"Boundary"
25.138,-56.213,"Boundary"
25.723,-56.754,"Boundary"
26.485,-57.494,"Boundary"
27.067,-58.116,"Boundary"
27.565,-58.741,"Boundary"
28.138,-59.366,"Boundary"
28.798,-59.94,"Boundary"
29.299,-60.325,"Boundary"
29.911,-60.667,"Boundary"
30.448,-60.897,"Boundary"
30.567,-60.908,"Boundary"
31.113,-61.098,"Boundary"
31.641,-61.322,"Boundary"
32.19,-61.599,"Boundary"
32.715,-61.818,"Boundary"
33.306,-62.032,"Boundary"
33.762,-62.218,"Boundary"
34.215,-62.385,"Boundary"
34.722,-62.532,"Boundary"
35.367,-62.748,"Boundary"
35.997,-62.958,"Boundary"
36.507,-63.086,"Boundary"
36.927,-63.214,"Boundary"
37.428,-63.449,"Boundary"
37.941,-63.786,"Boundary"
38.403,-64.105,"Boundary"
39.105,-64.369,"Boundary"
40.14,-64.532,"Boundary"
41.382,-64.58,"Boundary"
43.398,-64.494,"Boundary"
45.339,-64.338,"Boundary"
46.737,-64.195,"Boundary"
48.411,-63.941,"Boundary"
50.253,-63.678,"Boundary"
51.741,-63.57,"Boundary"
53.067,-63.626,"Boundary"
54.05,-63.758,"Boundary"
55.133,-64.084,"Boundary"
56.099,-64.517,"Boundary"
57.077,-64.971,"Boundary"
58.403,-65.324,"Boundary"
59.57,-65.513,"Boundary"
60.59,-65.584,"Boundary"
61.763,-65.619,"Boundary"
63.068,-65.574,"Boundary"
64.817,-65.49,"Boundary"
66.842,-65.434,"Boundary"
68.735,-65.436,"Boundary"
70.175,-65.427,"Boundary"
71.966,-65.442,"Boundary"
73.46,-65.428,"Boundary"
74.21,-65.411,"Boundary"
74.939,-65.399,"Boundary"
75.986,-65.406,"Boundary"
76.871,-65.46,"Boundary"
77.93,-65.555,"Boundary"
78.845,-65.576,"Boundary"
79.721,-65.459,"Boundary"
80.543,-65.26,"Boundary"
81.227,-65.075,"Boundary"
81.866,-64.879,"Boundary"
82.565,-64.67,"Boundary"
83.432,-64.482,"Boundary"
84.329,-64.355,"Boundary"
84.902,-64.233,"Boundary"
85.457,-64.039,"Boundary"
86.12,-63.732,"Boundary"
86.813,-63.173,"Boundary"
87.53,-62.568,"Boundary"
88.064,-62.142,"Boundary"
88.646,-61.918,"Boundary"
89.543,-61.833,"Boundary"
90.887,-61.987,"Boundary"
92.738,-62.223,"Boundary"
94.55,-62.42,"Boundary"
96.206,-62.404,"Boundary"
98.411,-62.273,"Boundary"
100.291,-62.194,"Boundary"
102.136,-62.156,"Boundary"
103.912,-62.155,"Boundary"
105.631,-62.149,"Boundary"
107.827,-62.206,"Boundary"
109.963,-62.278,"Boundary"
112.015,-62.367,"Boundary"
113.86,-62.464,"Boundary"
115.6,-62.562,"Boundary"
117.307,-62.663,"Boundary"
118.648,-62.743,"Boundary"
119.806,-62.818,"Boundary"
120.526,-62.866,"Boundary"
120.885,-63.1,"Boundary"
121.536,-63.3,"Boundary"
122.295,-63.693,"Boundary"
123.492,-63.814,"Boundary"
124.692,-63.929,"Boundary"
125.724,-64.025,"Boundary"
126.57,-64.054,"Boundary"
127.335,-64.039,"Boundary"
128.208,-64.031,"Boundary"
129.126,-64.014,"Boundary"
130.146,-64.006,"Boundary"
130.932,-63.991,"Boundary"
131.589,-63.922,"Boundary"
131.814,-63.886,"Boundary"
131.895,-63.865,"Boundary"
132.186,-63.859,"Boundary"
132.621,-63.861,"Boundary"
133.104,-63.902,"Boundary"
133.446,-63.906,"Boundary"
134.253,-63.848,"Boundary"
134.481,-63.857,"Boundary"
134.715,-63.863,"Boundary"
135.225,-63.883,"Boundary"
135.522,-63.925,"Boundary"
135.861,-63.943,"Boundary"
136.554,-63.973,"Boundary"
137.466,-63.967,"Boundary"
138.117,-63.948,"Boundary"
139.077,-63.942,"Boundary"
140.151,-63.948,"Boundary"
141.033,-63.964,"Boundary"
141.732,-63.975,"Boundary"
142.227,-63.973,"Boundary"
142.653,-63.998,"Boundary"
143.049,-64.048,"Boundary"
143.525,-64.215,"Boundary"
144.299,-64.355,"Boundary"
145.478,-64.376,"Boundary"
146.48,-64.407,"Boundary"
147.158,-64.436,"Boundary"
147.743,-64.517,"Boundary"
148.28,-64.576,"Boundary"
148.949,-64.598,"Boundary"
149.696,-64.623,"Boundary"
150.395,-64.657,"Boundary"
151.049,-64.513,"Boundary"
151.532,-64.208,"Boundary"
152.114,-64.008,"Boundary"
152.87,-63.88,"Boundary"
153.83,-63.726,"Boundary"
154.952,-63.513,"Boundary"
156.134,-63.228,"Boundary"
157.139,-62.921,"Boundary"
157.991,-62.779,"Boundary"
158.342,-62.731,"Boundary"
158.75,-62.66,"Boundary"
159.077,-62.642,"Boundary"
159.467,-62.663,"Boundary"
160.328,-62.702,"Boundary"
161.537,-62.748,"Boundary"
162.881,-62.829,"Boundary"
164.201,-62.914,"Boundary"
165.428,-63.087,"Boundary"
166.433,-63.283,"Boundary"
167.792,-63.51,"Boundary"
169.076,-63.74,"Boundary"
170.369,-63.913,"Boundary"
171.659,-64.148,"Boundary"
172.748,-64.372,"Boundary"
173.588,-64.516,"Boundary"
174.539,-64.718,"Boundary"
175.544,-64.919,"Boundary"
176.681,-65.094,"Boundary"
178.04,-65.219,"Boundary"
179.525,-65.376,"Boundary"
